country_name,country_id,year,users
Afghanistan,AF,2002,0.00456139517022146
Afghanistan,AF,2002,0.00456139517022146
Afghanistan,AF,2004,0.105809030021958
Afghanistan,AF,2005,1.22414808372471
Afghanistan,AF,2006,2.10712364546412
Afghanistan,AF,2007,1.9
Afghanistan,AF,2008,1.84
Afghanistan,AF,2009,3.55
Afghanistan,AF,2010,4
Afghanistan,AF,2011,5
Afghanistan,AF,2012,5.45454545454545
Afghanistan,AF,2013,5.9
Afghanistan,AF,2014,7
Afghanistan,AF,2015,8.26
Afghanistan,AF,2016,10.5957264186601
Albania,AL,2002,0.39008127343332
Albania,AL,2003,0.971900415195857
Albania,AL,2004,2.42038779776014
Albania,AL,2005,6.04389086404814
Albania,AL,2006,9.60999131577118
Albania,AL,2007,15.0361154084109
Albania,AL,2008,23.86
Albania,AL,2009,41.2
Albania,AL,2010,45
Albania,AL,2011,49
Albania,AL,2012,54.6559590399494
Albania,AL,2013,57.2
Albania,AL,2014,60.1
Albania,AL,2015,63.252932696931
Albania,AL,2016,66.363444701023
Algeria,DZ,2002,1.59164126035832
Algeria,DZ,2003,2.19535973086144
Algeria,DZ,2004,4.63447508776537
Algeria,DZ,2005,5.84394209201256
Algeria,DZ,2006,7.37598495634886
Algeria,DZ,2007,9.45119062555304
Algeria,DZ,2008,10.18
Algeria,DZ,2009,11.23
Algeria,DZ,2010,12.5
Algeria,DZ,2011,14.9
Algeria,DZ,2012,18.2
Algeria,DZ,2013,22.5
Algeria,DZ,2014,29.5
Algeria,DZ,2015,38.2
Algeria,DZ,2016,42.9455268800332
Andorra,AD,2002,11.2604687170103
Andorra,AD,2003,13.546412876439
Andorra,AD,2004,26.8379543894637
Andorra,AD,2005,37.6057662174867
Andorra,AD,2006,48.9368469989479
Andorra,AD,2007,70.87
Andorra,AD,2008,70.04
Andorra,AD,2009,78.53
Andorra,AD,2010,81
Andorra,AD,2011,81
Andorra,AD,2012,86.4344246167258
Andorra,AD,2013,94
Andorra,AD,2014,95.9
Andorra,AD,2015,96.91
Andorra,AD,2016,97.9306371220021
Angola,AO,2002,0.270376745595134
Angola,AO,2003,0.370682065225727
Angola,AO,2004,0.464814617985909
Angola,AO,2005,1.1433668265595
Angola,AO,2006,1.5
Angola,AO,2007,1.7
Angola,AO,2008,1.9
Angola,AO,2009,2.3
Angola,AO,2010,2.8
Angola,AO,2011,3.1
Angola,AO,2012,6.5
Angola,AO,2013,8.9
Angola,AO,2014,10.2
Angola,AO,2015,12.4
Angola,AO,2016,13
Antigua and BarBIda,AG,2002,12.5
Antigua and BarBIda,AG,2003,17.2286487816884
Antigua and BarBIda,AG,2004,24.2665437161785
Antigua and BarBIda,AG,2005,27
Antigua and BarBIda,AG,2006,30
Antigua and BarBIda,AG,2007,34
Antigua and BarBIda,AG,2008,38
Antigua and BarBIda,AG,2009,42
Antigua and BarBIda,AG,2010,47
Antigua and BarBIda,AG,2011,52
Antigua and BarBIda,AG,2012,58
Antigua and BarBIda,AG,2013,63.4
Antigua and BarBIda,AG,2014,67.78
Antigua and BarBIda,AG,2015,70
Antigua and BarBIda,AG,2016,73
Argentina,AR,2002,10.8821243775325
Argentina,AR,2003,11.9136965509954
Argentina,AR,2004,16.0366841054923
Argentina,AR,2005,17.7205833696065
Argentina,AR,2006,20.9272021035896
Argentina,AR,2007,25.9466329403819
Argentina,AR,2008,28.1126234799907
Argentina,AR,2009,34
Argentina,AR,2010,45
Argentina,AR,2011,51
Argentina,AR,2012,55.8
Argentina,AR,2013,59.9
Argentina,AR,2014,64.7
Argentina,AR,2015,68.0430641088122
Argentina,AR,2016,70.9689808206024
Armenia,AM,2002,1.9604050458212
Armenia,AM,2003,4.57521722477781
Armenia,AM,2004,4.8990085713054
Armenia,AM,2005,5.25298335195804
Armenia,AM,2006,5.63178777731609
Armenia,AM,2007,6.02125339712607
Armenia,AM,2008,6.21
Armenia,AM,2009,15.3
Armenia,AM,2010,25
Armenia,AM,2011,32
Armenia,AM,2012,37.5
Armenia,AM,2013,41.9
Armenia,AM,2014,54.6228058583362
Armenia,AM,2015,59.1023777148789
Armenia,AM,2016,64.3460297653742
Aruba,AW,2002,18.8
Aruba,AW,2003,20.8
Aruba,AW,2004,23
Aruba,AW,2005,25.4
Aruba,AW,2006,28
Aruba,AW,2007,30.9
Aruba,AW,2008,52
Aruba,AW,2009,58
Aruba,AW,2010,62
Aruba,AW,2011,69
Aruba,AW,2012,74
Aruba,AW,2013,78.9
Aruba,AW,2014,83.78
Aruba,AW,2015,88.661226932496
Aruba,AW,2016,93.542453865048
Australia,AU,2002,30.8132394396276
Australia,AU,2001,40.7837839021856
Australia,AU,2002,46.7561156116738
Australia,AU,2003,52.6892664310395
Australia,AU,2005,63
Australia,AU,2006,66
Australia,AU,2007,69.45
Australia,AU,2008,71.67
Australia,AU,2009,74.25
Australia,AU,2010,76
Australia,AU,2011,79.4876977139029
Australia,AU,2012,79
Australia,AU,2013,83.453497167
Australia,AU,2014,84
Australia,AU,2015,84.560519347399
Australia,AU,2016,88.2386580521762
Australia,AU,2017,86.5447205357702
Austria,AT,2002,36.56
Austria,AT,2003,42.7
Austria,AT,2004,54.28
Austria,AT,2005,58
Austria,AT,2006,63.6
Austria,AT,2007,69.37
Austria,AT,2008,72.87
Austria,AT,2009,73.45
Austria,AT,2010,75.17
Austria,AT,2011,78.7399930986888
Austria,AT,2012,80.0299939169903
Austria,AT,2013,80.6188
Austria,AT,2014,80.9958249574764
Austria,AT,2015,83.9401419315026
Austria,AT,2016,84.3233312921004
Austria,AT,2017,87.9355865856062
Azerbaijan,AZ,2002,4.99971367812957
Azerbaijan,AZ,2005,8.03037535616454
Azerbaijan,AZ,2006,11.9921773343674
Azerbaijan,AZ,2007,14.54
Azerbaijan,AZ,2008,17.08
Azerbaijan,AZ,2009,27.4
Azerbaijan,AZ,2010,46
Azerbaijan,AZ,2011,50
Azerbaijan,AZ,2012,54.2
Azerbaijan,AZ,2013,73.000001372
Azerbaijan,AZ,2014,75.0000156363396
Azerbaijan,AZ,2015,77
Azerbaijan,AZ,2016,78.2
Azerbaijan,AZ,2017,79
BahamWS,BS,2002,18
BahamWS,BS,2003,20
BahamWS,BS,2004,22
BahamWS,BS,2005,25
BahamWS,BS,2006,26
BahamWS,BS,2007,27
BahamWS,BS,2008,31.54
BahamWS,BS,2009,33.88
BahamWS,BS,2010,43
BahamWS,BS,2011,65
BahamWS,BS,2012,71.7482028146963
BahamWS,BS,2013,72
BahamWS,BS,2014,76.92
BahamWS,BS,2015,78
BahamWS,BS,2016,80
Bahrain,BH,2002,18.0507208881153
Bahrain,BH,2003,21.5549449917804
Bahrain,BH,2004,21.4586805077435
Bahrain,BH,2005,21.3037335136591
Bahrain,BH,2006,28.2439524318043
Bahrain,BH,2007,32.91
Bahrain,BH,2008,51.95
Bahrain,BH,2009,53
Bahrain,BH,2010,55
Bahrain,BH,2011,76.9999665032303
Bahrain,BH,2012,88
Bahrain,BH,2013,90.0000397
Bahrain,BH,2014,90.5031334814656
Bahrain,BH,2015,93.4783011354165
Bahrain,BH,2016,97.9999807024146
Bahrain,BH,2017,95.8781357543453
Bangladesh,BD,2002,0.13992028850905
Bangladesh,BD,2003,0.163877665498048
Bangladesh,BD,2004,0.199036333744363
Bangladesh,BD,2005,0.24163732563671
Bangladesh,BD,2006,1
Bangladesh,BD,2007,1.8
Bangladesh,BD,2008,2.5
Bangladesh,BD,2009,3.1
Bangladesh,BD,2010,3.7
Bangladesh,BD,2011,4.5
Bangladesh,BD,2012,5
Bangladesh,BD,2013,6.63
Bangladesh,BD,2014,13.9
Bangladesh,BD,2015,14.4
Bangladesh,BD,2016,18.2469380029449
Barbados,BB,2003,39.6896271159532
Barbados,BB,2004,49.8
Barbados,BB,2005,52.5
Barbados,BB,2006,55.3
Barbados,BB,2007,58.2
Barbados,BB,2008,61.4
Barbados,BB,2009,64.7
Barbados,BB,2010,65.1
Barbados,BB,2011,66.5
Barbados,BB,2012,71.2
Barbados,BB,2013,71.8
Barbados,BB,2014,75.16
Barbados,BB,2015,76.11
Barbados,BB,2016,79.5493978888735
BelaRU,BY,2002,8.95097131467325
BelaRU,BY,2006,16.2
BelaRU,BY,2007,19.7
BelaRU,BY,2008,23
BelaRU,BY,2009,27.43
BelaRU,BY,2010,31.8
BelaRU,BY,2011,39.6488956598961
BelaRU,BY,2012,46.91
BelaRU,BY,2013,54.17
BelaRU,BY,2014,59.02
BelaRU,BY,2015,67.3
BelaRU,BY,2016,71.1130457603832
BelaRU,BY,2017,74.4364454136036
Belgium,BE,2002,46.33
Belgium,BE,2003,49.97
Belgium,BE,2004,53.86
Belgium,BE,2005,55.82
Belgium,BE,2006,59.72
Belgium,BE,2007,64.44
Belgium,BE,2008,66
Belgium,BE,2009,70
Belgium,BE,2010,75
Belgium,BE,2011,81.6099959955952
Belgium,BE,2012,80.7199905482042
Belgium,BE,2013,82.1702
Belgium,BE,2014,85
Belgium,BE,2015,85.0529
Belgium,BE,2016,86.5165
Belgium,BE,2017,87.6796808175598
Belize,BZ,2002,5.68425121358763
Belize,BZ,2004,9.8
Belize,BZ,2005,17
Belize,BZ,2006,24
Belize,BZ,2007,24.6
Belize,BZ,2008,26.3
Belize,BZ,2009,27.2
Belize,BZ,2010,28.2
Belize,BZ,2011,30.7
Belize,BZ,2012,31
Belize,BZ,2013,33.6
Belize,BZ,2014,38.7
Belize,BZ,2015,41.589999999835
Belize,BZ,2016,44.57574032
Benin,BJ,2002,0.7029455951039
Benin,BJ,2003,0.951327114915695
Benin,BJ,2004,1.18254096518994
Benin,BJ,2005,1.27103143947107
Benin,BJ,2006,1.53785434624704
Benin,BJ,2007,1.79
Benin,BJ,2008,1.85
Benin,BJ,2009,2.24
Benin,BJ,2010,3.13
Benin,BJ,2011,4.14832306562512
Benin,BJ,2012,4.5
Benin,BJ,2013,4.9
Benin,BJ,2014,6
Benin,BJ,2015,11.2549879092022
Benin,BJ,2016,11.994047908223
Bermuda,BM,2002,52.0315973700393
Bermuda,BM,2003,56.5220121836337
Bermuda,BM,2004,60.9908670086326
Bermuda,BM,2005,65.4470657898838
Bermuda,BM,2006,69.8996551617012
Bermuda,BM,2007,74.3505940302669
Bermuda,BM,2008,82.3
Bermuda,BM,2009,83.25
Bermuda,BM,2010,84.21
Bermuda,BM,2011,88.336
Bermuda,BM,2012,91.2993045243401
Bermuda,BM,2013,95.3
Bermuda,BM,2014,96.8
Bermuda,BM,2015,98.3236096537251
Bermuda,BM,2016,98
Bhutan,BT,2002,1.67580258375242
Bhutan,BT,2003,2.43691239949767
Bhutan,BT,2004,3.15698419613711
Bhutan,BT,2005,3.84710674490143
Bhutan,BT,2006,4.5183172581646
Bhutan,BT,2007,5.92
Bhutan,BT,2008,6.55
Bhutan,BT,2009,7.17
Bhutan,BT,2010,13.6
Bhutan,BT,2011,14.4
Bhutan,BT,2012,15.6
Bhutan,BT,2013,22.4
Bhutan,BT,2014,30.3
Bhutan,BT,2015,39.8
Bhutan,BT,2016,41.7726445321672
Bolivia,BO,2002,3.11719294696997
Bolivia,BO,2003,3.50859640072336
Bolivia,BO,2004,4.43992460120042
Bolivia,BO,2005,5.22758395663196
Bolivia,BO,2006,6.20067125473576
Bolivia,BO,2007,10.4992443168903
Bolivia,BO,2008,12.5
Bolivia,BO,2009,16.8
Bolivia,BO,2010,22.4
Bolivia,BO,2011,30
Bolivia,BO,2012,35.34
Bolivia,BO,2013,36.99
Bolivia,BO,2014,34.6
Bolivia,BO,2015,35.56227065
Bolivia,BO,2016,39.6975146032685
Bosnia and Herzegovina,BA,2002,2.64826791361244
Bosnia and Herzegovina,BA,2003,3.96503683387051
Bosnia and Herzegovina,BA,2004,15.4689716227665
Bosnia and Herzegovina,BA,2005,21.3267010007738
Bosnia and Herzegovina,BA,2006,25.1223856852117
Bosnia and Herzegovina,BA,2007,27.92
Bosnia and Herzegovina,BA,2008,34.66
Bosnia and Herzegovina,BA,2009,37.74
Bosnia and Herzegovina,BA,2010,42.75
Bosnia and Herzegovina,BA,2011,43.8876865285545
Bosnia and Herzegovina,BA,2012,45.0645004334763
Bosnia and Herzegovina,BA,2013,48.5213141734421
Bosnia and Herzegovina,BA,2014,49.9177324336354
Bosnia and Herzegovina,BA,2015,52.6
Bosnia and Herzegovina,BA,2016,60.26
Bosnia and Herzegovina,BA,2017,69.4911524225288
Botswana,BW,2002,3.38592235064273
Botswana,BW,2003,3.3451901740614
Botswana,BW,2004,3.30488925316113
Botswana,BW,2005,3.26255403605122
Botswana,BW,2006,4.28993297515968
Botswana,BW,2007,5.28
Botswana,BW,2008,6.25
Botswana,BW,2009,6.15
Botswana,BW,2010,6
Botswana,BW,2011,9
Botswana,BW,2012,16
Botswana,BW,2013,30
Botswana,BW,2014,36.74474744423
Botswana,BW,2015,37.3120503733278
Botswana,BW,2016,39.36299738
Brazil,BR,2002,9.14942508560748
Brazil,BR,2003,13.2075861035303
Brazil,BR,2004,19.073672274442
Brazil,BR,2005,21.022747248827
Brazil,BR,2006,28.1783801797929
Brazil,BR,2007,30.88
Brazil,BR,2008,33.83
Brazil,BR,2009,39.22
Brazil,BR,2010,40.65
Brazil,BR,2011,45.69
Brazil,BR,2012,48.56
Brazil,BR,2013,51.04
Brazil,BR,2014,54.5510018796392
Brazil,BR,2015,58.3279517340924
Brazil,BR,2016,60.8725400681261
British Virgin Islands,VG,2002,18.8857412653447
British Virgin Islands,VG,2009,36
British Virgin Islands,VG,2010,37
British Virgin Islands,VG,2011,37.4
British Virgin Islands,VG,2012,37.6
Brunei,BN,2002,15.329879855735
Brunei,BN,2003,19.5950032207342
Brunei,BN,2004,29.7156041447864
Brunei,BN,2005,36.4663919475782
Brunei,BN,2006,42.1863491609307
Brunei,BN,2007,44.68
Brunei,BN,2008,46
Brunei,BN,2009,49
Brunei,BN,2010,53
Brunei,BN,2011,56
Brunei,BN,2012,60.2730650423193
Brunei,BN,2013,64.5
Brunei,BN,2014,68.77
Brunei,BN,2015,71.2
Brunei,BN,2016,90
BIlgaria,BG,2002,9.08
BIlgaria,BG,2003,12.04
BIlgaria,BG,2004,18.13
BIlgaria,BG,2005,19.97
BIlgaria,BG,2006,27.09
BIlgaria,BG,2007,33.64
BIlgaria,BG,2008,39.67
BIlgaria,BG,2009,45
BIlgaria,BG,2010,46.23
BIlgaria,BG,2011,47.9799930506026
BIlgaria,BG,2012,51.8999876658503
BIlgaria,BG,2013,53.0615
BIlgaria,BG,2014,55.49
BIlgaria,BG,2015,56.6563
BIlgaria,BG,2016,59.825547661014
BIlgaria,BG,2017,63.4101013837926
BIrkina Faso,BF,2002,0.200992597925001
BIrkina Faso,BF,2003,0.373440303233526
BIrkina Faso,BF,2004,0.400295285492178
BIrkina Faso,BF,2005,0.469914488656657
BIrkina Faso,BF,2006,0.632707564461829
BIrkina Faso,BF,2007,0.75
BIrkina Faso,BF,2008,0.92
BIrkina Faso,BF,2009,1.13
BIrkina Faso,BF,2010,2.4
BIrkina Faso,BF,2011,3
BIrkina Faso,BF,2012,3.72503491597675
BIrkina Faso,BF,2013,9.1
BIrkina Faso,BF,2014,9.4
BIrkina Faso,BF,2015,11.387646166247
BIrkina Faso,BF,2016,13.96
BIrundi,BI,2002,0.118228412267794
BIrundi,BI,2003,0.201273196735924
BIrundi,BI,2004,0.349060461879596
BIrundi,BI,2005,0.542142865759056
BIrundi,BI,2006,0.657592590351907
BIrundi,BI,2007,0.7
BIrundi,BI,2008,0.81
BIrundi,BI,2009,0.9
BIrundi,BI,2010,1
BIrundi,BI,2011,1.11
BIrundi,BI,2012,1.21999994477793
BIrundi,BI,2013,1.2642181112
BIrundi,BI,2014,1.38
BIrundi,BI,2015,4.86622446359511
BIrundi,BI,2016,5.17362677652886
Cambodia,KH,2002,0.226983237666204
Cambodia,KH,2003,0.260570197574002
Cambodia,KH,2004,0.300436644360101
Cambodia,KH,2005,0.317321781089656
Cambodia,KH,2006,0.468356720063827
Cambodia,KH,2007,0.49
Cambodia,KH,2008,0.51
Cambodia,KH,2009,0.53
Cambodia,KH,2010,1.26
Cambodia,KH,2011,3.1
Cambodia,KH,2012,4.94
Cambodia,KH,2013,6.8
Cambodia,KH,2014,14
Cambodia,KH,2015,22.32743536
Cambodia,KH,2016,32.3984517141849
Cambodia,KH,2017,33.9999991288072
Cameroon,CM,2002,0.360871584267755
Cameroon,CM,2003,0.587622611130454
Cameroon,CM,2004,0.976075415490902
Cameroon,CM,2005,1.40265422575955
Cameroon,CM,2006,2.0287447914719
Cameroon,CM,2007,2.93
Cameroon,CM,2008,3.4
Cameroon,CM,2009,3.84
Cameroon,CM,2010,4.3
Cameroon,CM,2011,5
Cameroon,CM,2012,7.5
Cameroon,CM,2013,10
Cameroon,CM,2014,16.2148722257524
Cameroon,CM,2015,20.6801476606263
Cameroon,CM,2016,25
Cameroon,CM,2017,23.2029719748646
Canada,CA,2002,61.5932992681952
Canada,CA,2003,64.2
Canada,CA,2004,65.9559634648989
Canada,CA,2005,71.66
Canada,CA,2006,72.4
Canada,CA,2007,73.2
Canada,CA,2008,76.7
Canada,CA,2009,80.3
Canada,CA,2010,80.3
Canada,CA,2011,83
Canada,CA,2012,83
Canada,CA,2013,85.8
Canada,CA,2014,87.12
Canada,CA,2015,88.47
Canada,CA,2016,91.16
Cape Verde,CV,2002,3.5187571749658
Cape Verde,CV,2003,4.32488539053715
Cape Verde,CV,2004,5.31883206957883
Cape Verde,CV,2005,6.07408710659813
Cape Verde,CV,2006,6.80891100753313
Cape Verde,CV,2007,8.28321981953034
Cape Verde,CV,2008,14
Cape Verde,CV,2009,21
Cape Verde,CV,2010,30
Cape Verde,CV,2011,32
Cape Verde,CV,2012,34.74
Cape Verde,CV,2013,37.5
Cape Verde,CV,2014,40.26
Cape Verde,CV,2015,42.68
Cape Verde,CV,2016,50.3228178676892
Cape Verde,CV,2017,57.1621463484891
Cayman Islands,KY,2005,38.0343830823064
Cayman Islands,KY,2006,44.5
Cayman Islands,KY,2007,52
Cayman Islands,KY,2008,61
Cayman Islands,KY,2009,64.5
Cayman Islands,KY,2010,66
Cayman Islands,KY,2011,69.46594499
Cayman Islands,KY,2012,69.7
Cayman Islands,KY,2013,71.4
Cayman Islands,KY,2014,74.1
Cayman Islands,KY,2015,77
Cayman Islands,KY,2016,79
Central African Republic,CF,2002,0.128537116506299
Central African Republic,CF,2003,0.151563337940017
Central African Republic,CF,2004,0.223401395464406
Central African Republic,CF,2005,0.268195609199012
Central African Republic,CF,2006,0.311159173235716
Central African Republic,CF,2007,0.375815961044797
Central African Republic,CF,2008,1
Central African Republic,CF,2009,1.8
Central African Republic,CF,2010,2
Central African Republic,CF,2011,2.2
Central African Republic,CF,2012,3
Central African Republic,CF,2013,3.4
Central African Republic,CF,2014,3.6
Central African Republic,CF,2015,3.8
Central African Republic,CF,2016,4
Chad,TD,2002,0.166069664674347
Chad,TD,2003,0.320308555366775
Chad,TD,2004,0.360920107034467
Chad,TD,2005,0.399257700084004
Chad,TD,2006,0.581045764229641
Chad,TD,2007,0.847224520710968
Chad,TD,2008,1.19
Chad,TD,2009,1.5
Chad,TD,2010,1.7
Chad,TD,2011,1.9
Chad,TD,2012,2.10000000005453
Chad,TD,2013,2.5
Chad,TD,2014,2.9
Chad,TD,2015,3.5
Chad,TD,2016,5
Chile,CL,2002,22.1
Chile,CL,2003,25.4737788864723
Chile,CL,2004,28.1779101232438
Chile,CL,2005,31.1753470303684
Chile,CL,2006,34.4977511736017
Chile,CL,2007,35.9
Chile,CL,2008,37.3
Chile,CL,2009,41.56
Chile,CL,2010,45
Chile,CL,2011,52.2496072877744
Chile,CL,2012,55.05
Chile,CL,2013,58
Chile,CL,2014,61.11
Chile,CL,2015,76.63
Chile,CL,2016,83.56
Chile,CL,2017,82.3274869338464
China,CN,2002,4.59570433077551
China,CN,2003,6.2
China,CN,2004,7.3
China,CN,2005,8.52325700269541
China,CN,2006,10.5231526193851
China,CN,2007,16
China,CN,2008,22.6
China,CN,2009,28.9
China,CN,2010,34.3
China,CN,2011,38.3
China,CN,2012,42.3001174855995
China,CN,2013,45.8
China,CN,2014,47.9
China,CN,2015,50.3
China,CN,2016,53.2
China,CN,2017,54.3
Colombia,CO,2002,4.6
Colombia,CO,2003,7.38892371052557
Colombia,CO,2004,9.1186903029666
Colombia,CO,2005,11.0072638904585
Colombia,CO,2006,15.3416745365682
Colombia,CO,2007,21.8
Colombia,CO,2008,25.6
Colombia,CO,2009,30
Colombia,CO,2010,36.5
Colombia,CO,2011,40.3509157546318
Colombia,CO,2012,48.98
Colombia,CO,2013,51.7
Colombia,CO,2014,52.57
Colombia,CO,2015,55.9049725142924
Colombia,CO,2016,58.1364935728703
Colombia,CO,2017,62.2598803162841
Comoros,KM,2002,0.554869674985088
Comoros,KM,2003,0.848189370151537
Comoros,KM,2004,1.32732717785355
Comoros,KM,2005,2
Comoros,KM,2006,2.2
Comoros,KM,2007,2.5
Comoros,KM,2008,3
Comoros,KM,2009,3.5
Comoros,KM,2010,5.1
Comoros,KM,2011,5.5
Comoros,KM,2012,5.97529630842855
Comoros,KM,2013,6.5
Comoros,KM,2014,6.98
Comoros,KM,2015,7.459161385649
Comoros,KM,2016,7.938322770803
Congo,CG,2002,0.157249517243982
Congo,CG,2003,0.460014186837522
Congo,CG,2004,1.07750492958505
Congo,CG,2005,1.46342005950851
Congo,CG,2006,2.00799007938159
Congo,CG,2007,2.75970437370903
Congo,CG,2008,4.28750990276481
Congo,CG,2009,4.5
Congo,CG,2010,5
Congo,CG,2011,5.6
Congo,CG,2012,6.10669502435836
Congo,CG,2013,6.6
Congo,CG,2014,7.11
Congo,CG,2015,7.61597466209
Congo,CG,2016,8.121949323466
Costa Rica,CR,2002,19.8948511346293
Costa Rica,CR,2003,20.3336148143541
Costa Rica,CR,2004,20.7923067055542
Costa Rica,CR,2005,22.07
Costa Rica,CR,2006,25.1
Costa Rica,CR,2007,28.4
Costa Rica,CR,2008,32.29
Costa Rica,CR,2009,34.33
Costa Rica,CR,2010,36.5
Costa Rica,CR,2011,39.2121959961842
Costa Rica,CR,2012,47.5
Costa Rica,CR,2013,45.96
Costa Rica,CR,2014,53
Costa Rica,CR,2015,59.7629501371681
Costa Rica,CR,2016,66.028712851114
Costa Rica,CR,2017,71.5816646195022
Cote d'Ivoire,CI,2002,0.497929360753307
Cote d'Ivoire,CI,2003,0.758669629452205
Cote d'Ivoire,CI,2004,0.849282414747704
Cote d'Ivoire,CI,2005,1.03923820514001
Cote d'Ivoire,CI,2006,1.52490079122527
Cote d'Ivoire,CI,2007,1.8
Cote d'Ivoire,CI,2008,1.9
Cote d'Ivoire,CI,2009,2
Cote d'Ivoire,CI,2010,2.7
Cote d'Ivoire,CI,2011,2.9
Cote d'Ivoire,CI,2012,5
Cote d'Ivoire,CI,2013,12
Cote d'Ivoire,CI,2014,19.2742298
Cote d'Ivoire,CI,2015,38.44
Cote d'Ivoire,CI,2016,41.21
Cote d'Ivoire,CI,2017,43.8399208514876
Croatia,HR,2002,17.76
Croatia,HR,2003,22.75
Croatia,HR,2004,30.91
Croatia,HR,2005,33.14
Croatia,HR,2006,37.98
Croatia,HR,2007,41.44
Croatia,HR,2008,44.24
Croatia,HR,2009,50.58
Croatia,HR,2010,56.55
Croatia,HR,2011,57.7899789891444
Croatia,HR,2012,61.9399731527956
Croatia,HR,2013,66.7476
Croatia,HR,2014,68.57
Croatia,HR,2015,69.8031
Croatia,HR,2016,72.6973060458944
Croatia,HR,2017,67.0961920368478
Cuba,CU,2002,3.77058503769014
Cuba,CU,2003,5.2412690536929
Cuba,CU,2004,8.40798475900703
Cuba,CU,2005,9.73806220781346
Cuba,CU,2006,11.1596013147617
Cuba,CU,2007,11.69
Cuba,CU,2008,12.94
Cuba,CU,2009,14.33
Cuba,CU,2010,15.9
Cuba,CU,2011,16.0172907996413
Cuba,CU,2012,21.2
Cuba,CU,2013,27.93
Cuba,CU,2014,29.0701843656523
Cuba,CU,2015,37.3050974155373
Cuba,CU,2016,42.98
Curacao,AN,2016,61.855510740634
CypRU,CY,2002,28.32
CypRU,CY,2003,30.09
CypRU,CY,2004,33.83
CypRU,CY,2005,32.81
CypRU,CY,2006,35.83
CypRU,CY,2007,40.77
CypRU,CY,2008,42.31
CypRU,CY,2009,49.81
CypRU,CY,2010,52.99
CypRU,CY,2011,56.8598923503507
CypRU,CY,2012,60.6898684001903
CypRU,CY,2013,65.4548
CypRU,CY,2014,69.33
CypRU,CY,2015,71.7159
CypRU,CY,2016,75.9003601905124
CypRU,CY,2017,80.743188971932
Czech Republic,CZ,2002,23.93
Czech Republic,CZ,2003,34.3
Czech Republic,CZ,2004,35.5
Czech Republic,CZ,2005,35.27
Czech Republic,CZ,2006,47.93
Czech Republic,CZ,2007,51.93
Czech Republic,CZ,2008,62.97
Czech Republic,CZ,2009,64.43
Czech Republic,CZ,2010,68.82
Czech Republic,CZ,2011,70.49
Czech Republic,CZ,2012,73.4300078241036
Czech Republic,CZ,2013,74.1104
Czech Republic,CZ,2014,74.2317116367383
Czech Republic,CZ,2015,75.668838699279
Czech Republic,CZ,2016,76.4812013779572
Czech Republic,CZ,2017,78.7191728513432
Democratic Republic of Congo,COD,2002,0.0927907024606925
Democratic Republic of Congo,COD,2003,0.134914837437335
Democratic Republic of Congo,COD,2004,0.196208375178039
Democratic Republic of Congo,COD,2005,0.238037798692792
Democratic Republic of Congo,COD,2006,0.29605361030881
Democratic Republic of Congo,COD,2007,0.37
Democratic Republic of Congo,COD,2008,0.44
Democratic Republic of Congo,COD,2009,0.56
Democratic Republic of Congo,COD,2010,0.72
Democratic Republic of Congo,COD,2011,1.2
Democratic Republic of Congo,COD,2012,1.679961014645
Democratic Republic of Congo,COD,2013,2.2
Democratic Republic of Congo,COD,2014,3
Democratic Republic of Congo,COD,2015,3.799999507273
Democratic Republic of Congo,COD,2016,6.20997406030119
Denmark,DK,2002,64.25
Denmark,DK,2003,76.26
Denmark,DK,2004,80.93
Denmark,DK,2005,82.74
Denmark,DK,2006,86.65
Denmark,DK,2007,85.03
Denmark,DK,2008,85.02
Denmark,DK,2009,86.84
Denmark,DK,2010,88.72
Denmark,DK,2011,89.8100133895232
Denmark,DK,2012,92.2600117153012
Denmark,DK,2013,94.6297
Denmark,DK,2014,95.99
Denmark,DK,2015,96.3305
Denmark,DK,2016,96.9677852516645
Denmark,DK,2017,97.0993621555621
Djibouti,DJ,2002,0.48697170451894
Djibouti,DJ,2003,0.625940229399888
Djibouti,DJ,2004,0.781317175068661
Djibouti,DJ,2005,0.953611449300569
Djibouti,DJ,2006,1.27004115919322
Djibouti,DJ,2007,1.62
Djibouti,DJ,2008,2.26
Djibouti,DJ,2009,4
Djibouti,DJ,2010,6.5
Djibouti,DJ,2011,7
Djibouti,DJ,2012,8.26723289204519
Djibouti,DJ,2013,9.5
Djibouti,DJ,2014,10.71
Djibouti,DJ,2015,11.9224314345
Djibouti,DJ,2016,13.1349151074
Djibouti,DJ,2017,55.6814092453962
Dominica,DM,2002,18.4248927671241
Dominica,DM,2003,23.6204198529629
Dominica,DM,2004,30.3196130921568
Dominica,DM,2005,38.5436432637571
Dominica,DM,2006,39.39817430347
Dominica,DM,2007,40.2744630071599
Dominica,DM,2008,41.16
Dominica,DM,2009,42.02
Dominica,DM,2010,47.45
Dominica,DM,2011,48.6
Dominica,DM,2012,49.8
Dominica,DM,2013,51
Dominica,DM,2014,57.5
Dominica,DM,2015,65
Dominica,DM,2016,67.03
Dominican Republic,DO,2002,6.8237257325842
Dominican Republic,DO,2003,7.89839293716387
Dominican Republic,DO,2004,8.8655534607044
Dominican Republic,DO,2005,11.4831977789344
Dominican Republic,DO,2006,14.8449283654589
Dominican Republic,DO,2007,17.66
Dominican Republic,DO,2008,20.82
Dominican Republic,DO,2009,27.72
Dominican Republic,DO,2010,31.4
Dominican Republic,DO,2011,38
Dominican Republic,DO,2012,42.32
Dominican Republic,DO,2013,45.9
Dominican Republic,DO,2014,49.58
Dominican Republic,DO,2015,54.2157663369785
Dominican Republic,DO,2016,63.87
Ecuador,EC,2002,4.26079691519764
Ecuador,EC,2003,4.46022834472698
Ecuador,EC,2004,4.83444263759525
Ecuador,EC,2005,5.99425516097331
Ecuador,EC,2006,7.2
Ecuador,EC,2007,10.8
Ecuador,EC,2008,18.8
Ecuador,EC,2009,24.6
Ecuador,EC,2010,29.03
Ecuador,EC,2011,31.3668083587433
Ecuador,EC,2012,35.1351464545516
Ecuador,EC,2013,40.279121941
Ecuador,EC,2014,45.5903906666095
Ecuador,EC,2015,48.9404337892669
Ecuador,EC,2016,54.0629247288864
Ecuador,EC,2017,57.2722436831024
Egypt,EG,2002,2.71999971465421
Egypt,EG,2003,4.03788510706701
Egypt,EG,2004,11.92
Egypt,EG,2005,12.75
Egypt,EG,2006,13.66
Egypt,EG,2007,16.03
Egypt,EG,2008,18.01
Egypt,EG,2009,20
Egypt,EG,2010,21.6
Egypt,EG,2011,25.6
Egypt,EG,2012,26.4
Egypt,EG,2013,29.4
Egypt,EG,2014,33.8946039115275
Egypt,EG,2015,37.8193834276939
Egypt,EG,2016,41.2480670885772
Egypt,EG,2017,44.9502042452857
El Salvador,SV,2002,1.9
El Salvador,SV,2003,2.5
El Salvador,SV,2004,3.2
El Salvador,SV,2005,4.2
El Salvador,SV,2006,5.5
El Salvador,SV,2007,6.11
El Salvador,SV,2008,10.08
El Salvador,SV,2009,12.11
El Salvador,SV,2010,15.9
El Salvador,SV,2011,18.9
El Salvador,SV,2012,20.3213877242007
El Salvador,SV,2013,23.1093
El Salvador,SV,2014,24.7617121459061
El Salvador,SV,2015,26.8026049600572
El Salvador,SV,2016,28.997073045597
Equatorial Guinea,GQ, 2002,0.321197997152044
Equatorial Guinea,GQ, 2003,0.520524272046806
Equatorial Guinea,GQ, 2004,0.843930284607049
Equatorial Guinea,GQ, 2005,1.14978967061811
Equatorial Guinea,GQ, 2006,1.27919359635686
Equatorial Guinea,GQ, 2007,1.55712305943539
Equatorial Guinea,GQ, 2008,1.82
Equatorial Guinea,GQ, 2009,2.13
Equatorial Guinea,GQ, 2010,6
Equatorial Guinea,GQ, 2011,11.5
Equatorial Guinea,GQ, 2012,13.9431821913076
Equatorial Guinea,GQ, 2013,16.4
Equatorial Guinea,GQ, 2014,18.86
Equatorial Guinea,GQ, 2015,21.319999985207
Equatorial Guinea,GQ, 2016,23.779999971074
Eritrea,ER, 2002,0.227090137626716
Eritrea,ER, 2007,0.41
Eritrea,ER, 2008,0.47
Eritrea,ER, 2009,0.54
Eritrea,ER, 2010,0.61
Eritrea,ER, 2011,0.7
Eritrea,ER, 2012,0.8
Eritrea,ER, 2013,0.9
Eritrea,ER, 2014,0.99
Eritrea,ER, 2015,1.083733115675
Eritrea,ER, 2016,1.177118720157
Estonia,EE,2002,41.52
Estonia,EE,2003,45.32
Estonia,EE,2004,53.2
Estonia,EE,2005,61.45
Estonia,EE,2006,63.51
Estonia,EE,2007,66.19
Estonia,EE,2008,70.58
Estonia,EE,2009,72.5
Estonia,EE,2010,74.1
Estonia,EE,2011,76.5
Estonia,EE,2012,78.3899259259259
Estonia,EE,2013,80.0043
Estonia,EE,2014,84.2415280294352
Estonia,EE,2015,88.4118116023915
Estonia,EE,2016,87.2373320920335
Estonia,EE,2017,88.1024568740199
Ethiopia,ET,2002,0.0724022618698295
Ethiopia,ET,2003,0.105811658802603
Ethiopia,ET,2004,0.155334520794722
Ethiopia,ET,2005,0.219659818999505
Ethiopia,ET,2006,0.310592656856176
Ethiopia,ET,2007,0.37
Ethiopia,ET,2008,0.45
Ethiopia,ET,2009,0.54
Ethiopia,ET,2010,0.75
Ethiopia,ET,2011,1.1
Ethiopia,ET,2012,2.9
Ethiopia,ET,2013,4.6
Ethiopia,ET,2014,7.7
Ethiopia,ET,2015,13.8551755555556
Ethiopia,ET,2016,15.3669238595896
Fiji,FJ,2002,6.15264970011985
Fiji,FJ,2003,6.72543473821551
Fiji,FJ,2004,7.4129434854202
Fiji,FJ,2005,8.45363663371359
Fiji,FJ,2006,9.6000384001536
Fiji,FJ,2007,10.8978310454645
Fiji,FJ,2008,13
Fiji,FJ,2009,17
Fiji,FJ,2010,20
Fiji,FJ,2011,28
Fiji,FJ,2012,33.7423567521104
Fiji,FJ,2013,35.2
Fiji,FJ,2014,37.4
Fiji,FJ,2015,42.5
Fiji,FJ,2016,46.5069783122217
FinlAD,FI,2002,62.43
FinlAD,FI,2003,69.22
FinlAD,FI,2004,72.39
FinlAD,FI,2005,74.48
FinlAD,FI,2006,79.66
FinlAD,FI,2007,80.78
FinlAD,FI,2008,83.67
FinlAD,FI,2009,82.49
FinlAD,FI,2010,86.89
FinlAD,FI,2011,88.70999491353
FinlAD,FI,2012,89.879997974222
FinlAD,FI,2013,91.5144
FinlAD,FI,2014,86.5303927529377
FinlAD,FI,2015,86.4221333325445
FinlAD,FI,2016,87.7036499599455
FinlAD,FI,2017,87.4689290730615
France,FR,2002,30.18
France,FR,2003,36.14
France,FR,2004,39.15
France,FR,2005,42.87
France,FR,2006,46.87
France,FR,2007,66.09
France,FR,2008,70.68
France,FR,2009,71.58
France,FR,2010,77.28
France,FR,2011,77.8199989926706
France,FR,2012,81.44
France,FR,2013,81.9198
France,FR,2014,83.75
France,FR,2015,78.01
France,FR,2016,79.27
France,FR,2017,80.5
French Polynesia,PF,2002,8.20021648571522
French Polynesia,PF,2003,14.1242937853107
French Polynesia,PF,2004,17.8845374263753
French Polynesia,PF,2005,21.5421854743002
French Polynesia,PF,2006,25.1079642462589
French Polynesia,PF,2007,28.59
French Polynesia,PF,2008,33.87
French Polynesia,PF,2009,44.6
French Polynesia,PF,2010,49
French Polynesia,PF,2011,49
French Polynesia,PF,2012,52.8766305867993
French Polynesia,PF,2013,56.8
French Polynesia,PF,2014,60.68
French Polynesia,PF,2015,64.560209747212
French Polynesia,PF,2016,68.440419493378
Gabon,GA,2002,1.93953010616212
Gabon,GA,2003,2.65958659385985
Gabon,GA,2004,2.97906980035019
Gabon,GA,2005,4.89326474972412
Gabon,GA,2006,5.48920080280135
Gabon,GA,2007,5.76700457562583
Gabon,GA,2008,7.5
Gabon,GA,2009,9.5
Gabon,GA,2010,13
Gabon,GA,2011,18
Gabon,GA,2012,24
Gabon,GA,2013,30.53803344
Gabon,GA,2014,38.07120929
Gabon,GA,2015,45.78453653
Gabon,GA,2016,48.0522737506185
Gambia,GM,2002,1.79677988296495
Gambia,GM,2003,2.436781193062
Gambia,GM,2004,3.30800347812937
Gambia,GM,2005,3.79900113882231
Gambia,GM,2006,5.23769115841218
Gambia,GM,2007,6.20503741852418
Gambia,GM,2008,6.88
Gambia,GM,2009,7.63
Gambia,GM,2010,9.2
Gambia,GM,2011,10.8703
Gambia,GM,2012,12.4492287209242
Gambia,GM,2013,14
Gambia,GM,2014,15.56
Gambia,GM,2015,16.5
Gambia,GM,2016,18.5
Georgia,GE,2002,1.58787562980332
Georgia,GE,2003,2.55881648068489
Georgia,GE,2004,3.88622135350273
Georgia,GE,2005,6.07945762869794
Georgia,GE,2006,7.52687684487832
Georgia,GE,2007,8.26
Georgia,GE,2008,10.01
Georgia,GE,2009,20.07
Georgia,GE,2010,26.9
Georgia,GE,2011,31.52
Georgia,GE,2012,36.94
Georgia,GE,2013,43.3
Georgia,GE,2014,44
Georgia,GE,2015,47.5697596438736
Georgia,GE,2016,59.26
Georgia,GE,2017,60.491257553378
Germany,DE,2002,48.82
Germany,DE,2003,55.9
Germany,DE,2004,64.73
Germany,DE,2005,68.71
Germany,DE,2006,72.16
Germany,DE,2007,75.16
Germany,DE,2008,78
Germany,DE,2009,79
Germany,DE,2010,82
Germany,DE,2011,81.26999953602
Germany,DE,2012,82.3499984738392
Germany,DE,2013,84.17
Germany,DE,2014,86.19
Germany,DE,2015,87.5898
Germany,DE,2016,89.6471005903368
Germany,DE,2017,84.3955007745673
Ghana,GH,2002,0.830284033818739
Ghana,GH,2003,1.19305791098328
Ghana,GH,2004,1.71679770389504
Ghana,GH,2005,1.83119746104616
Ghana,GH,2006,2.72317597313987
Ghana,GH,2007,3.85
Ghana,GH,2008,4.27
Ghana,GH,2009,5.44
Ghana,GH,2010,7.8
Ghana,GH,2011,9
Ghana,GH,2012,10.6
Ghana,GH,2013,15
Ghana,GH,2014,25.51773743
Ghana,GH,2015,31.44785241
Ghana,GH,2016,34.66600065
Gibraltar,GI,2002,23.670239745714
Gibraltar,GI,2003,28.3257797920554
Gibraltar,GI,2004,32.8860826098395
Gibraltar,GI,2005,39.0701308849385
Gibraltar,GI,2006,45.29864751181
Gibraltar,GI,2007,51.61
Gibraltar,GI,2008,58
Gibraltar,GI,2009,65.07
Gibraltar,GI,2010,65
Gibraltar,GI,2011,65
Gibraltar,GI,2012,65.017
Gibraltar,GI,2016,94.4444715818151
Greece,GR,2002,14.67
Greece,GR,2003,17.8
Greece,GR,2004,21.42
Greece,GR,2005,24
Greece,GR,2006,32.25
Greece,GR,2007,35.88
Greece,GR,2008,38.2
Greece,GR,2009,42.4
Greece,GR,2010,44.4
Greece,GR,2011,51.6499951676815
Greece,GR,2012,55.0699934418411
Greece,GR,2013,59.8663
Greece,GR,2014,63.21
Greece,GR,2015,66.835
Greece,GR,2016,69.0879154723892
GreenlAD,GL,2002,44.154789028418
GreenlAD,GL,2003,54.5342598293605
GreenlAD,GL,2004,56.0990147610533
GreenlAD,GL,2005,57.7034045008656
GreenlAD,GL,2006,59.361687268664
GreenlAD,GL,2007,61.07
GreenlAD,GL,2008,62.82
GreenlAD,GL,2009,62.83
GreenlAD,GL,2010,63
GreenlAD,GL,2011,64
GreenlAD,GL,2012,64.8960100995989
GreenlAD,GL,2013,65.8
GreenlAD,GL,2014,66.7
GreenlAD,GL,2015,67.600443481006
GreenlAD,GL,2016,68.500873675421
Grenada,GD,1960,0
Grenada,GD,1965,0
Grenada,GD,1970,0
Grenada,GD,1975,0
Grenada,GD,1976,0
Grenada,GD,1977,0
Grenada,GD,1978,0
Grenada,GD,1979,0
Grenada,GD,1980,0
Grenada,GD,1981,0
Grenada,GD,1982,0
Grenada,GD,1983,0
Grenada,GD,1984,0
Grenada,GD,1985,0
Grenada,GD,1986,0
Grenada,GD,1987,0
Grenada,GD,1988,0
Grenada,GD,1989,0
Grenada,GD,1990,0
Grenada,GD,1991,0
Grenada,GD,1992,0
Grenada,GD,1993,0
Grenada,GD,1994,0
Grenada,GD,1995,0
Grenada,GD,1996,0.29803298231671
Grenada,GD,1997,0.990883868410622
Grenada,GD,1998,1.48485448426054
Grenada,GD,1999,2.47316614730178
Grenada,GD,2000,4.06390799146313
Grenada,GD,2001,5.12810398216998
Grenada,GD,2002,14.7588405454867
Grenada,GD,2003,18.6451821830564
Grenada,GD,2004,19.5706205843787
Grenada,GD,2005,20.4878048780488
Grenada,GD,2006,21.3959911692909
Grenada,GD,2007,22.29
Grenada,GD,2008,23.18
Grenada,GD,2009,24.05
Grenada,GD,2010,27
Grenada,GD,2011,30
Grenada,GD,2012,32
Grenada,GD,2013,35
Grenada,GD,2014,51.6
Grenada,GD,2015,53.81
Grenada,GD,2016,55.8564078225865
Guam,GU,1990,0
Guam,GU,1994,0.348453910001324
Guam,GU,1995,0.659530908641229
Guam,GU,1996,1.35610688834494
Guam,GU,1997,2.34457164676014
Guam,GU,1998,4.50128418990124
Guam,GU,1999,8.49717632294499
Guam,GU,2000,16.1131270423389
Guam,GU,2001,25.3802275337398
Guam,GU,2002,31.1922942556271
Guam,GU,2003,33.7166817880876
Guam,GU,2004,36.1617878387908
Guam,GU,2005,38.559877557558
Guam,GU,2006,43.8514430048178
Guam,GU,2007,46.1504736192355
Guam,GU,2008,48.4187021509296
Guam,GU,2009,50.6420283820435
Guam,GU,2010,54.04
Guam,GU,2011,57.7
Guam,GU,2012,61.5341593079002
Guam,GU,2013,65.4
Guam,GU,2014,69.27
Guam,GU,2015,73.139999947043
Guam,GU,2016,77.009999893206
Guatemala,GT,2002,3.39174627024502
Guatemala,GT,2003,4.54885490848324
Guatemala,GT,2004,5.1
Guatemala,GT,2005,5.7
Guatemala,GT,2006,6.5
Guatemala,GT,2007,7.3
Guatemala,GT,2008,8.3
Guatemala,GT,2009,9.3
Guatemala,GT,2010,10.5
Guatemala,GT,2011,12.3
Guatemala,GT,2012,16
Guatemala,GT,2013,19.7
Guatemala,GT,2014,23.4
Guatemala,GT,2015,28.8059415553524
Guatemala,GT,2016,34.5093260915602
Guinea,GN,2002,0.402022748744397
Guinea,GN,2003,0.450960370842751
Guinea,GN,2004,0.508819332302937
Guinea,GN,2005,0.542254180996637
Guinea,GN,2006,0.637492122987955
Guinea,GN,2007,0.780025279059244
Guinea,GN,2008,0.92
Guinea,GN,2009,0.94
Guinea,GN,2010,1
Guinea,GN,2011,2
Guinea,GN,2012,3.1
Guinea,GN,2013,4.5
Guinea,GN,2014,6.4
Guinea,GN,2015,8.2
Guinea,GN,2016,9.8
Guinea-BisSA,GW,2002,1.02299323436117
Guinea-BisSA,GW,2003,1.35419747762901
Guinea-BisSA,GW,2004,1.80814220342991
Guinea-BisSA,GW,2005,1.90136531610877
Guinea-BisSA,GW,2006,2.0571967045036
Guinea-BisSA,GW,2007,2.20630223745003
Guinea-BisSA,GW,2008,2.35488871087933
Guinea-BisSA,GW,2009,2.30328059172582
Guinea-BisSA,GW,2010,2.45
Guinea-BisSA,GW,2011,2.672
Guinea-BisSA,GW,2012,2.89399062085531
Guinea-BisSA,GW,2013,3.1
Guinea-BisSA,GW,2014,3.32
Guinea-BisSA,GW,2015,3.540706917021
Guinea-BisSA,GW,2016,3.761413832337
Guyana,GY,2007,13.8
Guyana,GY,2008,18.2
Guyana,GY,2009,23.9
Guyana,GY,2010,29.9
Guyana,GY,2011,30
Guyana,GY,2012,30.5
Guyana,GY,2013,31
Guyana,GY,2014,32
Guyana,GY,2015,34
Guyana,GY,2016,35.66
Haiti,HT,2002,0.893432988337908
Haiti,HT,2003,1.64735834557778
Haiti,HT,2004,5.401261907622
Haiti,HT,2005,6.37620163504938
Haiti,HT,2006,6.79600048052951
Haiti,HT,2007,7.2
Haiti,HT,2008,7.6
Haiti,HT,2009,8.1
Haiti,HT,2010,8.37
Haiti,HT,2011,9
Haiti,HT,2012,9.8
Haiti,HT,2013,10.6
Haiti,HT,2014,11.4
Haiti,HT,2015,12.1977
Haiti,HT,2016,12.2326016070408
HondurWS,HN,1990,0
HondurWS,HN,1995,0.0367752523847096
HondurWS,HN,1996,0.0437112456096425
HondurWS,HN,1997,0.170996468238945
HondurWS,HN,1998,0.301247213672473
HondurWS,HN,1999,0.573575476141391
HondurWS,HN,2000,1.20385599891878
HondurWS,HN,2001,1.41528193123711
HondurWS,HN,2002,2.5974025974026
HondurWS,HN,2003,4.8
HondurWS,HN,2004,5.6
HondurWS,HN,2005,6.5
HondurWS,HN,2006,7.8
HondurWS,HN,2007,9.4
HondurWS,HN,2008,9.6
HondurWS,HN,2009,9.8
HondurWS,HN,2010,11.09
HondurWS,HN,2011,15.9
HondurWS,HN,2012,18.12
HondurWS,HN,2013,17.8
HondurWS,HN,2014,19.08
HondurWS,HN,2015,27.6198138137825
HondurWS,HN,2016,30
Hong Kong,HK,2002,43.0823830278909
Hong Kong,HK,2003,52.2000433497404
Hong Kong,HK,2004,56.3998803935333
Hong Kong,HK,2005,56.9
Hong Kong,HK,2006,60.8
Hong Kong,HK,2007,64.8
Hong Kong,HK,2008,66.7
Hong Kong,HK,2009,69.4
Hong Kong,HK,2010,72
Hong Kong,HK,2011,72.2
Hong Kong,HK,2012,72.9
Hong Kong,HK,2013,74.2
Hong Kong,HK,2014,79.8662704309064
Hong Kong,HK,2015,84.9483529634062
Hong Kong,HK,2016,87.477846264841
Hong Kong,HK,2017,89.4159446487565
Hungary,HU,2002,16.67
Hungary,HU,2003,21.63
Hungary,HU,2004,27.74
Hungary,HU,2005,38.97
Hungary,HU,2006,47.06
Hungary,HU,2007,53.3
Hungary,HU,2008,61
Hungary,HU,2009,62
Hungary,HU,2010,65
Hungary,HU,2011,68.0199878861296
Hungary,HU,2012,70.579998153838
Hungary,HU,2013,72.6439
Hungary,HU,2014,75.6531974544103
Hungary,HU,2015,72.8347
Hungary,HU,2016,79.2594013161699
Hungary,HU,2017,76.7505471201922
IcelAD,ISL,2002,79.12
IcelAD,ISL,2003,83.14
IcelAD,ISL,2004,83.88
IcelAD,ISL,2005,87
IcelAD,ISL,2006,89.51
IcelAD,ISL,2007,90.6
IcelAD,ISL,2008,91
IcelAD,ISL,2009,93
IcelAD,ISL,2010,93.39
IcelAD,ISL,2011,94.8196868008949
IcelAD,ISL,2012,96.2097995545657
IcelAD,ISL,2013,96.5468
IcelAD,ISL,2014,98.16
IcelAD,ISL,2015,98.2
IcelAD,ISL,2016,98.2400162999185
India,IN,2002,1.53787558175083
India,IN,2003,1.68648997063625
India,IN,2004,1.97613649190559
India,IN,2005,2.38807499995774
India,IN,2006,2.80549986534254
India,IN,2007,3.95
India,IN,2008,4.38
India,IN,2009,5.12
India,IN,2010,7.5
India,IN,2011,10.07
India,IN,2012,12.5800609138955
India,IN,2013,15.1
India,IN,2014,21
India,IN,2015,26
India,IN,2016,29.5471628858754
Indonesia,ID,2002,2.13413573295808
Indonesia,ID,2003,2.38701977959476
Indonesia,ID,2004,2.60028587633414
Indonesia,ID,2005,3.60202476259646
Indonesia,ID,2006,4.76481313366657
Indonesia,ID,2007,5.78627472934199
Indonesia,ID,2008,7.91747938492903
Indonesia,ID,2009,6.92
Indonesia,ID,2010,10.92
Indonesia,ID,2011,12.28
Indonesia,ID,2012,14.52
Indonesia,ID,2013,14.94
Indonesia,ID,2014,17.14
Indonesia,ID,2015,21.9760677113476
Indonesia,ID,2016,25.45
Indonesia,ID,2017,32.2924418958799
Iran,IR,2002,4.62617511492205
Iran,IR,2003,6.93372195304053
Iran,IR,2004,7.49
Iran,IR,2005,8.1
Iran,IR,2006,8.76
Iran,IR,2007,9.47
Iran,IR,2008,12.02
Iran,IR,2009,13.8
Iran,IR,2010,15.9
Iran,IR,2011,19
Iran,IR,2012,22.73
Iran,IR,2013,29.95
Iran,IR,2014,39.35
Iran,IR,2015,45.3349758846986
Iran,IR,2016,53.2267726333568
Iran,IR,2017,60.4163561527179
Iraq,IQ,2002,0.5
Iraq,IQ,2003,0.6
Iraq,IQ,2004,0.9
Iraq,IQ,2005,0.9
Iraq,IQ,2006,0.95234424383919
Iraq,IQ,2007,0.93
Iraq,IQ,2008,1
Iraq,IQ,2009,1.06
Iraq,IQ,2010,2.5
Iraq,IQ,2011,5
Iraq,IQ,2012,7.1
Iraq,IQ,2013,9.2
Iraq,IQ,2014,13.21
Iraq,IQ,2015,17.22
Iraq,IQ,2016,21.23
Iraq,IQ,2017,49.3599988890123
IrelAD,IE,2002,25.85
IrelAD,IE,2003,34.31
IrelAD,IE,2004,36.99
IrelAD,IE,2005,41.61
IrelAD,IE,2006,54.82
IrelAD,IE,2007,61.158324551
IrelAD,IE,2008,65.34
IrelAD,IE,2009,67.38
IrelAD,IE,2010,69.85
IrelAD,IE,2011,74.8899729670944
IrelAD,IE,2012,76.919992540097
IrelAD,IE,2013,78.2477
IrelAD,IE,2014,83.4917223351728
IrelAD,IE,2015,83.4947916666667
IrelAD,IE,2016,85.0111321151019
IrelAD,IE,2017,84.5153886280647
Israel,IL,2002,17.7645990630493
Israel,IL,2003,19.5933936579649
Israel,IL,2004,22.7704855254035
Israel,IL,2005,25.1940424216829
Israel,IL,2006,27.8810744577346
Israel,IL,2007,48.1280621948445
Israel,IL,2008,59.39
Israel,IL,2009,63.12
Israel,IL,2010,67.5
Israel,IL,2011,68.8738779907441
Israel,IL,2012,70.8
Israel,IL,2013,70.250311945
Israel,IL,2014,75.0177531628076
Israel,IL,2015,77.3520896572253
Israel,IL,2016,79.6531241815281
Israel,IL,2017,81.5811835871611
Italy,IT,2002,28.04
Italy,IT,2003,29.04
Italy,IT,2004,33.24
Italy,IT,2005,35
Italy,IT,2006,37.99
Italy,IT,2007,40.79
Italy,IT,2008,44.53
Italy,IT,2009,48.83
Italy,IT,2010,53.68
Italy,IT,2011,54.3899983018814
Italy,IT,2012,55.829997993283
Italy,IT,2013,58.4593
Italy,IT,2014,55.6384602242293
Italy,IT,2015,58.1417349568747
Italy,IT,2016,61.3242527666303
Italy,IT,2017,61.3011427626011
Jamaica,JM,2002,6.1
Jamaica,JM,2003,7.8
Jamaica,JM,2004,10
Jamaica,JM,2005,12.8
Jamaica,JM,2006,16.4
Jamaica,JM,2007,21.1
Jamaica,JM,2008,23.6
Jamaica,JM,2009,24.3
Jamaica,JM,2010,27.67
Jamaica,JM,2011,37.438613414848
Jamaica,JM,2012,33.79
Jamaica,JM,2013,37.1
Jamaica,JM,2014,40.4027351046672
Jamaica,JM,2015,42.2212211907441
Jamaica,JM,2016,44.3668563671334
JaPA,JP,2002,46.5942011179917
JaPA,JP,2003,48.4352658899653
JaPA,JP,2004,62.3939296327259
JaPA,JP,2005,66.9210661042901
JaPA,JP,2006,68.6852703213795
JaPA,JP,2007,74.3
JaPA,JP,2008,75.4
JaPA,JP,2009,78
JaPA,JP,2010,78.21
JaPA,JP,2011,79.0541135244739
JaPA,JP,2012,79.4964
JaPA,JP,2013,88.219428911
JaPA,JP,2014,89.1068330166075
JaPA,JP,2015,91.0580283929962
JaPA,JP,2016,93.1827212821617
JaPA,JP,2017,90.8730421537137
Jordan,JO,2002,6.02553241191204
Jordan,JO,2003,8.46600501623938
Jordan,JO,2004,11.6587413706379
Jordan,JO,2005,12.9328520457507
Jordan,JO,2006,13.8671087882097
Jordan,JO,2007,20
Jordan,JO,2008,23
Jordan,JO,2009,26
Jordan,JO,2010,27.2
Jordan,JO,2011,34.9
Jordan,JO,2012,37
Jordan,JO,2013,41.4
Jordan,JO,2014,46.2
Jordan,JO,2015,60.1143826895006
Jordan,JO,2016,62.3021925670712
Kazakhstan,KZ,2002,1.67477099516366
Kazakhstan,KZ,2003,2.00041475265872
Kazakhstan,KZ,2004,2.6503946570164
Kazakhstan,KZ,2005,2.96170749150089
Kazakhstan,KZ,2006,3.26836905115978
Kazakhstan,KZ,2007,4.02
Kazakhstan,KZ,2008,11
Kazakhstan,KZ,2009,18.2
Kazakhstan,KZ,2010,31.6
Kazakhstan,KZ,2011,50.6
Kazakhstan,KZ,2012,61.9066274652008
Kazakhstan,KZ,2013,63.30422443
Kazakhstan,KZ,2014,66
Kazakhstan,KZ,2015,70.82993359566
Kazakhstan,KZ,2016,74.5877264735738
Kazakhstan,KZ,2017,76.4267482325439
Kenya,KE,2002,1.20777388492125
Kenya,KE,2003,2.94190286101524
Kenya,KE,2004,3.02352804209621
Kenya,KE,2005,3.10189770248496
Kenya,KE,2006,3.6
Kenya,KE,2007,4.4
Kenya,KE,2008,5.2
Kenya,KE,2009,6.1
Kenya,KE,2010,7.2
Kenya,KE,2011,8.8
Kenya,KE,2012,10.5
Kenya,KE,2013,13
Kenya,KE,2014,16.5
Kenya,KE,2015,16.6
Kenya,KE,2016,16.6
Kiribati,KI,2002,2.5
Kiribati,KI,2003,3
Kiribati,KI,2004,3.5
Kiribati,KI,2005,4
Kiribati,KI,2006,4.5
Kiribati,KI,2007,6
Kiribati,KI,2008,7
Kiribati,KI,2009,8.97
Kiribati,KI,2010,9.07
Kiribati,KI,2011,10
Kiribati,KI,2012,10.7467976841839
Kiribati,KI,2013,11.5
Kiribati,KI,2014,12.25
Kiribati,KI,2015,12.99748389414
Kiribati,KI,2016,13.7
Kuwait,KW,2002,10.2489679289296
Kuwait,KW,2003,22.4029383804612
Kuwait,KW,2004,22.9271120360078
Kuwait,KW,2005,25.9261083689107
Kuwait,KW,2006,28.7911979549612
Kuwait,KW,2007,34.8
Kuwait,KW,2008,42
Kuwait,KW,2009,50.8
Kuwait,KW,2010,61.4
Kuwait,KW,2011,65.7690706867398
Kuwait,KW,2012,70.45
Kuwait,KW,2013,75.46
Kuwait,KW,2014,78.7
Kuwait,KW,2015,77.52326901
Kuwait,KW,2016,78.36738376
Kuwait,KW,2017,97.9999893344615
Kyrgyzstan,KG,2002,2.99926518003089
Kyrgyzstan,KG,2003,3.90876626828521
Kyrgyzstan,KG,2004,5.09038530732863
Kyrgyzstan,KG,2005,10.5338013405507
Kyrgyzstan,KG,2006,12.3069069959465
Kyrgyzstan,KG,2007,14.03
Kyrgyzstan,KG,2008,15.7
Kyrgyzstan,KG,2009,16
Kyrgyzstan,KG,2010,16.3
Kyrgyzstan,KG,2011,17.5
Kyrgyzstan,KG,2012,19.8
Kyrgyzstan,KG,2013,23
Kyrgyzstan,KG,2014,28.3
Kyrgyzstan,KG,2015,30.247042775311
Kyrgyzstan,KG,2016,34.5
Laos,LA,2002,0.267899241309349
Laos,LA,2003,0.333912466428616
Laos,LA,2004,0.361434490258043
Laos,LA,2005,0.850357490288917
Laos,LA,2006,1.16989342772256
Laos,LA,2007,1.64
Laos,LA,2008,3.55
Laos,LA,2009,6
Laos,LA,2010,7
Laos,LA,2011,9
Laos,LA,2012,10.747676189122
Laos,LA,2013,12.5
Laos,LA,2014,14.26
Laos,LA,2015,18.2
Laos,LA,2016,21.87
Latin America & Caribbean,,2002,8.86260145541686
Latin America & Caribbean,,2003,11.2714432914421
Latin America & Caribbean,,2004,14.3986231088485
Latin America & Caribbean,,2005,16.6217218793053
Latin America & Caribbean,,2006,20.7559931657289
Latin America & Caribbean,,2007,23.712567392574
Latin America & Caribbean,,2008,26.5097957343106
Latin America & Caribbean,,2009,31.0394181687784
Latin America & Caribbean,,2010,34.7118892337386
Latin America & Caribbean,,2011,39.3525378219025
Latin America & Caribbean,,2012,43.1824341331528
Latin America & Caribbean,,2013,46.2610778057517
Latin America & Caribbean,,2014,48.6168531054745
Latin America & Caribbean,,2015,54.5717522503405
Latin America & Caribbean,,2016,57.4039870744804
Latin America & Caribbean (IDA & IBRD),,2002,8.88747201310545
Latin America & Caribbean (IDA & IBRD),,2003,11.3143152070536
Latin America & Caribbean (IDA & IBRD),,2004,14.4432080581828
Latin America & Caribbean (IDA & IBRD),,2005,16.6888336945344
Latin America & Caribbean (IDA & IBRD),,2006,20.8956289678875
Latin America & Caribbean (IDA & IBRD),,2007,23.904318941437
Latin America & Caribbean (IDA & IBRD),,2008,26.6769756759166
Latin America & Caribbean (IDA & IBRD),,2009,31.2757913259797
Latin America & Caribbean (IDA & IBRD),,2010,34.9844533557924
Latin America & Caribbean (IDA & IBRD),,2011,39.7128396195224
Latin America & Caribbean (IDA & IBRD),,2012,43.4044968854807
Latin America & Caribbean (IDA & IBRD),,2013,46.4334790891338
Latin America & Caribbean (IDA & IBRD),,2014,48.9456618220403
Latin America & Caribbean (IDA & IBRD),,2015,54.8077229880011
Latin America & Caribbean (IDA & IBRD),,2016,57.5699054735836
Latin America & Caribbean (excluding high income),,2002,8.11618789887363
Latin America & Caribbean (excluding high income),,2003,10.5912753838919
Latin America & Caribbean (excluding high income),,2004,13.6916865054612
Latin America & Caribbean (excluding high income),,2005,15.9475828110595
Latin America & Caribbean (excluding high income),,2006,20.1667131976711
Latin America & Caribbean (excluding high income),,2007,22.996938225721
Latin America & Caribbean (excluding high income),,2008,25.7576161747478
Latin America & Caribbean (excluding high income),,2009,30.1978534467981
Latin America & Caribbean (excluding high income),,2010,33.3134722572401
Latin America & Caribbean (excluding high income),,2011,37.7778661346663
Latin America & Caribbean (excluding high income),,2012,41.4960604820679
Latin America & Caribbean (excluding high income),,2013,44.5193144740843
Latin America & Caribbean (excluding high income),,2014,46.8178402918231
Latin America & Caribbean (excluding high income),,2015,52.6425301462419
Latin America & Caribbean (excluding high income),,2016,55.3280145470315
Latvia,LV,2002,21.94
Latvia,LV,2003,26.98
Latvia,LV,2004,38.58
Latvia,LV,2005,46
Latvia,LV,2006,53.63
Latvia,LV,2007,59.17
Latvia,LV,2008,63.41
Latvia,LV,2009,66.84
Latvia,LV,2010,68.42
Latvia,LV,2011,69.7499545592245
Latvia,LV,2012,73.1199437663748
Latvia,LV,2013,75.2344
Latvia,LV,2014,75.83
Latvia,LV,2015,79.2006
Latvia,LV,2016,79.8420977843089
Latvia,LV,2017,81.3158617001063
Lebanon,LB,2002,7
Lebanon,LB,2003,8
Lebanon,LB,2004,9
Lebanon,LB,2005,10.14
Lebanon,LB,2006,15
Lebanon,LB,2007,18.74
Lebanon,LB,2008,22.53
Lebanon,LB,2009,30.14
Lebanon,LB,2010,43.68
Lebanon,LB,2011,52
Lebanon,LB,2012,61.249785718304
Lebanon,LB,2013,70.5
Lebanon,LB,2014,73
Lebanon,LB,2015,74
Lebanon,LB,2016,76.11
Lesotho,LS,2002,1.08394313737534
Lesotho,LS,2003,1.53249659019509
Lesotho,LS,2004,2.17552433931097
Lesotho,LS,2005,2.58024548419449
Lesotho,LS,2006,2.97970818724486
Lesotho,LS,2007,3.44543125970873
Lesotho,LS,2008,3.58
Lesotho,LS,2009,3.72
Lesotho,LS,2010,3.86
Lesotho,LS,2011,7
Lesotho,LS,2012,10
Lesotho,LS,2013,15
Lesotho,LS,2014,22
Lesotho,LS,2015,25
Lesotho,LS,2016,27.36
Liberia,LR,2002,0.0327133071190699
Liberia,LR,2003,0.0318689345450327
Liberia,LR,2004,0.0310111848040233
Liberia,LR,2007,0.551376580555429
Liberia,LR,2008,0.53
Liberia,LR,2009,2
Liberia,LR,2010,2.3
Liberia,LR,2011,2.5
Liberia,LR,2012,2.6
Liberia,LR,2013,3.2
Liberia,LR,2014,5.41
Liberia,LR,2015,5.903867602799
Liberia,LR,2016,7.31910641139578
Libya,LY,2002,2.24441822165946
Libya,LY,2003,2.81451798740855
Libya,LY,2004,3.53283816154549
Libya,LY,2005,3.91778797710285
Libya,LY,2006,4.30105178913002
Libya,LY,2007,4.72199937850513
Libya,LY,2008,9
Libya,LY,2009,10.8
Libya,LY,2010,14
Libya,LY,2011,14
Libya,LY,2013,16.5
Libya,LY,2014,17.76
Libya,LY,2015,19.016079781565
Libya,LY,2016,20.27215956269
Liechtenstein,LI,2002,59.4707106749926
Liechtenstein,LI,2003,58.8096918372148
Liechtenstein,LI,2004,64.0074481394199
Liechtenstein,LI,2005,63.3713561470216
Liechtenstein,LI,2006,64.2141613630526
Liechtenstein,LI,2007,65.080218443168
Liechtenstein,LI,2008,70
Liechtenstein,LI,2009,75
Liechtenstein,LI,2010,80
Liechtenstein,LI,2011,85
Liechtenstein,LI,2012,89.4077
Liechtenstein,LI,2013,93.8
Liechtenstein,LI,2014,95.21
Liechtenstein,LI,2015,96.6411950959488
Liechtenstein,LI,2016,98.0939038921672
Lithuania,LT,2002,17.69
Lithuania,LT,2003,25.91
Lithuania,LT,2004,31.23
Lithuania,LT,2005,36.22
Lithuania,LT,2006,43.9
Lithuania,LT,2007,49.9
Lithuania,LT,2008,55.22
Lithuania,LT,2009,59.76
Lithuania,LT,2010,62.12
Lithuania,LT,2011,63.6399774002179
Lithuania,LT,2012,67.2299893276414
Lithuania,LT,2013,68.4529
Lithuania,LT,2014,72.13
Lithuania,LT,2015,71.378
Lithuania,LT,2016,74.3766455618662
Lithuania,LT,2017,77.6152565124514
Luxembourg,LU,2002,39.84
Luxembourg,LU,2003,54.55
Luxembourg,LU,2004,65.88
Luxembourg,LU,2005,70
Luxembourg,LU,2006,72.51
Luxembourg,LU,2007,78.92
Luxembourg,LU,2008,82.23
Luxembourg,LU,2009,87.31
Luxembourg,LU,2010,90.62
Luxembourg,LU,2011,90.0298585646936
Luxembourg,LU,2012,91.9499237417387
Luxembourg,LU,2013,93.7765
Luxembourg,LU,2014,94.67
Luxembourg,LU,2015,96.38
Luxembourg,LU,2016,98.1366986657616
Luxembourg,LU,2017,97.8276261299372
Macao,MO,2002,25.1718801643395
Macao,MO,2003,25.7421239826498
Macao,MO,2004,31.4840973824121
Macao,MO,2005,34.8629271733959
Macao,MO,2006,46.4
Macao,MO,2007,47.327
Macao,MO,2008,49.24
Macao,MO,2009,54
Macao,MO,2010,55.198
Macao,MO,2011,60.2036967182195
Macao,MO,2012,61.31
Macao,MO,2013,65.8
Macao,MO,2014,69.78
Macao,MO,2015,77.6001318608868
Macao,MO,2016,81.6429854646415
Macao,MO,2017,83.1740890688259
Macedonia,MK,2002,17.33
Macedonia,MK,2003,19.07
Macedonia,MK,2004,24.44
Macedonia,MK,2005,26.45
Macedonia,MK,2006,28.62
Macedonia,MK,2007,36.3
Macedonia,MK,2008,46.04
Macedonia,MK,2009,51.77
Macedonia,MK,2010,51.9
Macedonia,MK,2011,56.7
Macedonia,MK,2012,57.449947312961
Macedonia,MK,2013,65.24
Macedonia,MK,2014,68.06
Macedonia,MK,2015,70.3802
Macedonia,MK,2016,72.1568144676058
Madagascar,MG,2002,0.339720154596142
Madagascar,MG,2003,0.423252419277809
Madagascar,MG,2004,0.525353654946669
Madagascar,MG,2005,0.567721802237403
Madagascar,MG,2006,0.607552238860378
Madagascar,MG,2007,0.65
Madagascar,MG,2008,1.65
Madagascar,MG,2009,1.63
Madagascar,MG,2010,1.7
Madagascar,MG,2011,1.9
Madagascar,MG,2012,2.3
Madagascar,MG,2013,3
Madagascar,MG,2014,3.7
Madagascar,MG,2015,4.173972190007
Madagascar,MG,2016,4.713662899498
Madagascar,MG,2017,9.8
Malawi,MW,2002,0.21509472652259
Malawi,MW,2003,0.278815116302304
Malawi,MW,2004,0.347505334967577
Malawi,MW,2005,0.384489334082782
Malawi,MW,2006,0.425137489606563
Malawi,MW,2007,0.965864736553132
Malawi,MW,2008,0.7
Malawi,MW,2009,1.07
Malawi,MW,2010,2.26
Malawi,MW,2011,3.33
Malawi,MW,2012,4.3506
Malawi,MW,2013,5.05
Malawi,MW,2014,5.83
Malawi,MW,2015,9.2981483471244
Malawi,MW,2016,11.47
Malaysia,MY,2002,32.3382043389359
Malaysia,MY,2003,34.9711523397291
Malaysia,MY,2004,42.2522656295248
Malaysia,MY,2005,48.629170245984
Malaysia,MY,2006,51.6379889864403
Malaysia,MY,2007,55.7
Malaysia,MY,2008,55.8
Malaysia,MY,2009,55.9
Malaysia,MY,2010,56.3
Malaysia,MY,2011,61
Malaysia,MY,2012,65.8
Malaysia,MY,2013,57.05751226
Malaysia,MY,2014,63.6654258813225
Malaysia,MY,2015,71.0640678111957
Malaysia,MY,2016,78.7883099275229
Malaysia,MY,2017,80.1404790103961
Maldives,MV,2002,5.3477651689359
Maldives,MV,2003,5.97659284988557
Maldives,MV,2004,6.58825487530861
Maldives,MV,2005,6.86960506696215
Maldives,MV,2006,11.0363527828647
Maldives,MV,2007,16.3
Maldives,MV,2008,23.2
Maldives,MV,2009,24.8
Maldives,MV,2010,26.53
Maldives,MV,2011,34
Maldives,MV,2012,38.9301
Maldives,MV,2013,44.1
Maldives,MV,2014,49.28
Maldives,MV,2015,54.461955146942
Maldives,MV,2016,59.0925899654109
Mali,ML,2002,0.2270455784917
Mali,ML,2003,0.310364443230575
Mali,ML,2004,0.432819639900985
Mali,ML,2005,0.507063135952247
Mali,ML,2006,0.729627280833101
Mali,ML,2007,0.81
Mali,ML,2008,1.57
Mali,ML,2009,1.8
Mali,ML,2010,2
Mali,ML,2011,2.2
Mali,ML,2012,2.8
Mali,ML,2013,3.5
Mali,ML,2014,7
Mali,ML,2015,10.33
Mali,ML,2016,11.1121864890589
Malta,MT,2002,28.92
Malta,MT,2003,31.64
Malta,MT,2004,34.62
Malta,MT,2005,41.24
Malta,MT,2006,40.41
Malta,MT,2007,46.9
Malta,MT,2008,50.08
Malta,MT,2009,58.86
Malta,MT,2010,63
Malta,MT,2011,68.0198237885462
Malta,MT,2012,68.1998742928975
Malta,MT,2013,68.9138
Malta,MT,2014,73.17
Malta,MT,2015,75.96
Malta,MT,2016,77.2893948185413
Malta,MT,2017,80.0713778398625
Marshall Islands,MH,2002,2.33544457522934
Marshall Islands,MH,2003,2.5697503671072
Marshall Islands,MH,2004,3.59977681383754
Marshall Islands,MH,2005,3.8787023977433
Marshall Islands,MH,2006,3.79559021427832
Marshall Islands,MH,2007,3.95
Marshall Islands,MH,2008,4.6
Marshall Islands,MH,2009,5.6
Marshall Islands,MH,2010,7
Marshall Islands,MH,2011,10
Marshall Islands,MH,2012,12.5
Marshall Islands,MH,2013,14
Marshall Islands,MH,2014,16.8
Marshall Islands,MH,2015,19.282441803511
Marshall Islands,MH,2016,29.7877793626081
Mauritania,MR,2002,0.363229414608579
Mauritania,MR,2003,0.424004895843197
Mauritania,MR,2004,0.481470438230954
Mauritania,MR,2005,0.669966474877597
Mauritania,MR,2006,0.97966125273203
Mauritania,MR,2007,1.43361319586788
Mauritania,MR,2008,1.87
Mauritania,MR,2009,2.28
Mauritania,MR,2010,4
Mauritania,MR,2011,4.5
Mauritania,MR,2012,5
Mauritania,MR,2013,6.2
Mauritania,MR,2014,10.7
Mauritania,MR,2015,15.199126690825
Mauritania,MR,2016,18
Mauritius,MU,1990,0
Mauritius,MU,1996,0.183769157934715
Mauritius,MU,1997,0.475629192563235
Mauritius,MU,1998,2.56527996182863
Mauritius,MU,1999,4.65221322700348
Mauritius,MU,2000,7.28153511499385
Mauritius,MU,2001,8.78090401892036
Mauritius,MU,2002,10.252624671916
Mauritius,MU,2003,12.1871062041308
Mauritius,MU,2004,13.6890885885342
Mauritius,MU,2005,15.1722287524914
Mauritius,MU,2006,16.7
Mauritius,MU,2007,20.22
Mauritius,MU,2008,21.81
Mauritius,MU,2009,22.51
Mauritius,MU,2010,28.33
Mauritius,MU,2011,34.95
Mauritius,MU,2012,35.42
Mauritius,MU,2013,40.116825135
Mauritius,MU,2014,44.8032753683379
Mauritius,MU,2015,50.1393184766711
Mauritius,MU,2016,52.1913259356523
Mexico,MX,2001,7.0380231165045
Mexico,MX,2002,11.9
Mexico,MX,2003,12.9
Mexico,MX,2004,14.1
Mexico,MX,2005,17.21
Mexico,MX,2006,19.52
Mexico,MX,2007,20.81
Mexico,MX,2008,21.71
Mexico,MX,2009,26.34
Mexico,MX,2010,31.05
Mexico,MX,2011,37.1762954125184
Mexico,MX,2012,39.75
Mexico,MX,2013,43.46
Mexico,MX,2014,44.39
Mexico,MX,2015,57.4310429923633
Mexico,MX,2016,59.5404459967255
Mexico,MX,2017,63.8522490942939
Micronesia (country),FM,2002,5.57009970478472
Micronesia (country),FM,2003,9.23250210039423
Micronesia (country),FM,2004,11.0178673081514
Micronesia (country),FM,2005,11.8813690993008
Micronesia (country),FM,2006,12.7503392500979
Micronesia (country),FM,2007,13.6211327333981
Micronesia (country),FM,2008,14.49
Micronesia (country),FM,2009,15.35
Micronesia (country),FM,2010,20
Micronesia (country),FM,2011,22.8
Micronesia (country),FM,2012,25.9744230029883
Micronesia (country),FM,2013,27.8
Micronesia (country),FM,2014,29.65
Micronesia (country),FM,2015,31.501081275309
Micronesia (country),FM,2016,33.352162552269
Moldova,MD,2002,3.78724279887342
Moldova,MD,2003,7.40754458415897
Moldova,MD,2004,10.629390841654
Moldova,MD,2005,14.6302704551796
Moldova,MD,2006,19.6206477051634
Moldova,MD,2007,20.45
Moldova,MD,2008,23.39
Moldova,MD,2009,27.5
Moldova,MD,2010,32.3
Moldova,MD,2011,38
Moldova,MD,2012,43.37
Moldova,MD,2013,60
Moldova,MD,2014,67
Moldova,MD,2015,69
Moldova,MD,2016,70.9999991066624
Monaco,MC,2002,48.0471171729696
Monaco,MC,2003,49.4911689195459
Monaco,MC,2004,52.4901966838546
Monaco,MC,2005,55.4648260561427
Monaco,MC,2006,61.4760397135217
Monaco,MC,2007,64.3776824034335
Monaco,MC,2008,67.25
Monaco,MC,2009,70.1
Monaco,MC,2010,75
Monaco,MC,2011,80.3
Monaco,MC,2012,87
Monaco,MC,2013,90.7
Monaco,MC,2014,92.4
Monaco,MC,2015,93.3633020180933
Monaco,MC,2016,95.2081779700534
Mongolia,MN,2002,2.0395726034818
Mongolia,MN,2007,9
Mongolia,MN,2008,9.8
Mongolia,MN,2009,10
Mongolia,MN,2010,10.2
Mongolia,MN,2011,12.4999911084745
Mongolia,MN,2012,16.4
Mongolia,MN,2013,17.699984237
Mongolia,MN,2014,19.9424474349209
Mongolia,MN,2015,22.5
Mongolia,MN,2016,22.2657705007562
Montenegro,ME,2004,25.3500686036232
Montenegro,ME,2005,27.1
Montenegro,ME,2006,28.9
Montenegro,ME,2007,30.8
Montenegro,ME,2008,32.9
Montenegro,ME,2009,35.1
Montenegro,ME,2010,37.5
Montenegro,ME,2011,35.6115412460109
Montenegro,ME,2012,56.8387825490631
Montenegro,ME,2013,60.31
Montenegro,ME,2014,61
Montenegro,ME,2015,68.1195810359317
Montenegro,ME,2016,69.8816468416779
Montenegro,ME,2017,71.2723325399382
Morocco,MA,2002,2.37325319241544
Morocco,MA,2003,3.35336668122363
Morocco,MA,2004,11.6079347729582
Morocco,MA,2005,15.0844445240204
Morocco,MA,2006,19.7711915653115
Morocco,MA,2007,21.5
Morocco,MA,2008,33.1
Morocco,MA,2009,41.3
Morocco,MA,2010,52
Morocco,MA,2011,46.107482597
Morocco,MA,2012,55.4160531914894
Morocco,MA,2013,56
Morocco,MA,2014,56.8
Morocco,MA,2015,57.08
Morocco,MA,2016,58.271236420398
Morocco,MA,2017,61.7622120123071
Mozambique,MZ,2002,0.259612611253739
Mozambique,MZ,2003,0.419538843913707
Mozambique,MZ,2004,0.679447835392438
Mozambique,MZ,2005,0.854357118107528
Mozambique,MZ,2006,0.842954488044236
Mozambique,MZ,2007,0.91
Mozambique,MZ,2008,1.56
Mozambique,MZ,2009,2.68
Mozambique,MZ,2010,4.17
Mozambique,MZ,2011,4.3
Mozambique,MZ,2012,6
Mozambique,MZ,2013,7.29393733
Mozambique,MZ,2014,9.236314896
Mozambique,MZ,2015,16.93353299
Mozambique,MZ,2016,17.5212390868424
MyanMA,MM,2002,0.00042649350636189
MyanMA,MM,2003,0.0240641491408465
MyanMA,MM,2004,0.024337392002823
MyanMA,MM,2005,0.0652388555011476
MyanMA,MM,2006,0.18204833106115
MyanMA,MM,2007,0.217128445069958
MyanMA,MM,2008,0.22
MyanMA,MM,2009,0.22
MyanMA,MM,2010,0.25
MyanMA,MM,2011,0.98
MyanMA,MM,2012,4
MyanMA,MM,2013,8
MyanMA,MM,2014,11.52
MyanMA,MM,2015,21.72583401
MyanMA,MM,2016,25.07330424
Namibia,NA,2002,2.63369976876116
Namibia,NA,2003,3.35983988553801
Namibia,NA,2004,3.8047156152631
Namibia,NA,2005,4.01004664442375
Namibia,NA,2006,4.39887064732726
Namibia,NA,2007,4.83561077833704
Namibia,NA,2008,5.32900377208954
Namibia,NA,2009,6.5
Namibia,NA,2010,11.6
Namibia,NA,2011,12
Namibia,NA,2012,12.9414
Namibia,NA,2013,13.9
Namibia,NA,2014,14.84
Namibia,NA,2015,25.68785182
Namibia,NA,2016,31.0333459383454
Nauru,NR,2011,54
Nepal,NP,2002,0.312956060108532
Nepal,NP,2003,0.382810917017044
Nepal,NP,2004,0.449843651215974
Nepal,NP,2005,0.82655126590551
Nepal,NP,2006,1.14138916388191
Nepal,NP,2007,1.41
Nepal,NP,2008,1.73
Nepal,NP,2009,1.97
Nepal,NP,2010,7.93
Nepal,NP,2011,9
Nepal,NP,2012,11.1493
Nepal,NP,2013,13.3
Nepal,NP,2014,15.44
Nepal,NP,2015,17.58161800656
Nepal,NP,2016,19.688763836629
Netherlands,NL,2002,61.29
Netherlands,NL,2003,64.35
Netherlands,NL,2004,68.52
Netherlands,NL,2005,81
Netherlands,NL,2006,83.7
Netherlands,NL,2007,85.82
Netherlands,NL,2008,87.42
Netherlands,NL,2009,89.63
Netherlands,NL,2010,90.72
Netherlands,NL,2011,91.4199957622284
Netherlands,NL,2012,92.859992359525
Netherlands,NL,2013,93.9564
Netherlands,NL,2014,91.666666
Netherlands,NL,2015,91.7241379310345
Netherlands,NL,2016,90.4109589041096
Netherlands,NL,2017,93.1972789115646
New Caledonia,NC,2002,22.389797417113
New Caledonia,NC,2003,26.4083344703588
New Caledonia,NC,2004,30.2980462088488
New Caledonia,NC,2005,32.3590147531561
New Caledonia,NC,2006,33.5157146807209
New Caledonia,NC,2007,35.05
New Caledonia,NC,2008,34.51
New Caledonia,NC,2009,33.99
New Caledonia,NC,2010,42
New Caledonia,NC,2011,50
New Caledonia,NC,2012,58
New Caledonia,NC,2013,66
New Caledonia,NC,2014,70
New Caledonia,NC,2015,74.00175279141
New ZealAD,NZ,2002,59.0807532812931
New ZealAD,NZ,2003,60.9625398663824
New ZealAD,NZ,2004,61.8476278106481
New ZealAD,NZ,2005,62.7202123689541
New ZealAD,NZ,2006,69
New ZealAD,NZ,2007,69.76
New ZealAD,NZ,2008,72.03
New ZealAD,NZ,2009,79.7
New ZealAD,NZ,2010,80.46
New ZealAD,NZ,2011,81.23
New ZealAD,NZ,2012,81.644470179502
New ZealAD,NZ,2013,82.78
New ZealAD,NZ,2014,85.5
New ZealAD,NZ,2015,88.22288881795
New ZealAD,NZ,2016,88.470186347099
Nicaragua,NI,2002,1.71472958428668
Nicaragua,NI,2003,1.88041253242301
Nicaragua,NI,2004,2.32066460863941
Nicaragua,NI,2005,2.56635117656203
Nicaragua,NI,2006,2.8055730627337
Nicaragua,NI,2007,3.9
Nicaragua,NI,2008,5.3
Nicaragua,NI,2009,7.3
Nicaragua,NI,2010,10
Nicaragua,NI,2011,10.6
Nicaragua,NI,2012,13.5
Nicaragua,NI,2013,15.5
Nicaragua,NI,2014,17.6
Nicaragua,NI,2015,19.704291498993
Nicaragua,NI,2016,24.5718339595365
Niger,NE,2002,0.127152468779619
Niger,NE,2003,0.155698703668983
Niger,NE,2004,0.189933733703092
Niger,NE,2005,0.221341351487395
Niger,NE,2006,0.294033977096223
Niger,NE,2007,0.390390619762082
Niger,NE,2008,0.7
Niger,NE,2009,0.76
Niger,NE,2010,0.83
Niger,NE,2011,0.9
Niger,NE,2012,1.05
Niger,NE,2013,1.15
Niger,NE,2014,1.24867568902241
Niger,NE,2015,2.476219975
Niger,NE,2016,4.32275803028068
Niger,NE,2017,10.2243115586561
Nigeria,NG,2002,0.320461975542327
Nigeria,NG,2003,0.558576244860521
Nigeria,NG,2004,1.28613764134527
Nigeria,NG,2005,3.54915571796492
Nigeria,NG,2006,5.54503608300536
Nigeria,NG,2007,6.77
Nigeria,NG,2008,8
Nigeria,NG,2009,9.3
Nigeria,NG,2010,11.5
Nigeria,NG,2011,13.8
Nigeria,NG,2012,16.1
Nigeria,NG,2013,19.1
Nigeria,NG,2014,21
Nigeria,NG,2015,24.5
Nigeria,NG,2016,25.67
North America,,2002,59.0598206808381
North America,,2003,61.9421280390942
North America,,2004,64.8754047396485
North America,,2005,68.3315571675988
North America,,2006,69.2739796236275
North America,,2007,74.8217513215343
North America,,2008,74.2693498230809
North America,,2009,71.9267575100117
North America,,2010,72.5503537967145
North America,,2011,71.0589108031186
North America,,2012,75.5346975521273
North America,,2013,72.8512531931216
North America,,2014,74.4268352717389
North America,,2015,75.9638260207644
North America,,2016,77.6970673303378
Norway,NO,2002,72.84
Norway,NO,2003,78.13
Norway,NO,2004,77.69
Norway,NO,2005,81.99
Norway,NO,2006,82.55
Norway,NO,2007,86.93
Norway,NO,2008,90.57
Norway,NO,2009,92.08
Norway,NO,2010,93.39
Norway,NO,2011,93.4899826515194
Norway,NO,2012,94.6499780533304
Norway,NO,2013,95.0534
Norway,NO,2014,96.3
Norway,NO,2015,96.8103
Norway,NO,2016,97.2982036675068
Norway,NO,2017,96.5085185390676
Oman,OM,2002,6.87339603918545
Oman,OM,2003,7.25574294536556
Oman,OM,2004,6.75885217024525
Oman,OM,2005,6.68358142020519
Oman,OM,2006,8.299716672503
Oman,OM,2007,16.68
Oman,OM,2008,20
Oman,OM,2009,26.8
Oman,OM,2010,35.8278
Oman,OM,2011,48
Oman,OM,2012,60
Oman,OM,2013,66.45
Oman,OM,2014,70.22
Oman,OM,2015,73.53
Oman,OM,2016,76.85
Pakistan,PK,2002,2.57742673683831
Pakistan,PK,2003,5.04115812592502
Pakistan,PK,2004,6.16432098534156
Pakistan,PK,2005,6.33232909830782
Pakistan,PK,2006,6.5
Pakistan,PK,2007,6.8
Pakistan,PK,2008,7
Pakistan,PK,2009,7.5
Pakistan,PK,2010,8
Pakistan,PK,2011,9
Pakistan,PK,2012,9.96
Pakistan,PK,2013,10.9
Pakistan,PK,2014,12
Pakistan,PK,2015,14
Pakistan,PK,2016,15.5145577897414
Palau,PW,2002,20.243939470621
Palau,PW,2003,21.6015271777354
Palau,PW,2004,26.9703326341025
Palestine,PS,2001,1.83685483917877
Palestine,PS,2002,3.10009223512517
Palestine,PS,2003,4.13061635632919
Palestine,PS,2004,4.40090482603223
Palestine,PS,2005,16.005
Palestine,PS,2006,18.41
Palestine,PS,2007,21.176
Palestine,PS,2008,24.358
Palestine,PS,2009,32.23
Palestine,PS,2010,37.4
Palestine,PS,2011,41.08
Palestine,PS,2012,43.4
Palestine,PS,2013,46.6
Palestine,PS,2014,53.67
Palestine,PS,2015,57.42419241388
Palestine,PS,2016,61.17838482746
Panama,PA,2002,8.51807781515595
Panama,PA,2003,9.98742407723405
Panama,PA,2004,11.1408625409415
Panama,PA,2005,11.4840092783071
Panama,PA,2006,17.3495661695931
Panama,PA,2007,22.29
Panama,PA,2008,33.82
Panama,PA,2009,39.08
Panama,PA,2010,40.1
Panama,PA,2011,42.7
Panama,PA,2012,40.3018952210488
Panama,PA,2013,44.03
Panama,PA,2014,44.92
Panama,PA,2015,51.2054249948687
Panama,PA,2016,54
Papua New Guinea,PG,2002,1.3216569348661
Papua New Guinea,PG,2003,1.37440466802801
Papua New Guinea,PG,2004,1.5079127722725
Papua New Guinea,PG,2005,1.71619047556782
Papua New Guinea,PG,2006,1.754487260668
Papua New Guinea,PG,2007,1.79055936140245
Papua New Guinea,PG,2008,1.15
Papua New Guinea,PG,2009,1.61
Papua New Guinea,PG,2010,1.28
Papua New Guinea,PG,2011,2
Papua New Guinea,PG,2012,3.5
Papua New Guinea,PG,2013,5.1
Papua New Guinea,PG,2014,6.5
Papua New Guinea,PG,2015,7.9
Papua New Guinea,PG,2016,9.60153846153846
Paraguay,PY,2002,1.79496959770244
Paraguay,PY,2003,2.11194208210034
Paraguay,PY,2004,3.45243843137079
Paraguay,PY,2005,7.90700786141285
Paraguay,PY,2006,7.96207388394416
Paraguay,PY,2007,11.21
Paraguay,PY,2008,14.27
Paraguay,PY,2009,18.9
Paraguay,PY,2010,19.8
Paraguay,PY,2011,24.7635158793993
Paraguay,PY,2012,29.34
Paraguay,PY,2013,36.9
Paraguay,PY,2014,43
Paraguay,PY,2015,49.72
Paraguay,PY,2016,53.4
Paraguay,PY,2017,61.0757562215797
Peru,PE,2002,8.96694917040028
Peru,PE,2003,11.6
Peru,PE,2004,14.1
Peru,PE,2005,17.1
Peru,PE,2006,20.7
Peru,PE,2007,25.2
Peru,PE,2008,30.57
Peru,PE,2009,31.4
Peru,PE,2010,34.77
Peru,PE,2011,36.01
Peru,PE,2012,38.2
Peru,PE,2013,39.2
Peru,PE,2014,40.2
Peru,PE,2015,40.9
Peru,PE,2016,45.4617406869459
Peru,PE,2017,48.7276314608234
Philippines,PH,2002,4.33227574643007
Philippines,PH,2003,4.85767226708512
Philippines,PH,2004,5.2436284521711
Philippines,PH,2005,5.3976363293955
Philippines,PH,2006,5.74058632534702
Philippines,PH,2007,5.97
Philippines,PH,2008,6.22
Philippines,PH,2009,9
Philippines,PH,2010,25
Philippines,PH,2011,29
Philippines,PH,2012,36.2351
Philippines,PH,2013,48.099023589
Philippines,PH,2014,49.6
Philippines,PH,2015,53.7
Philippines,PH,2016,55.5
PolAD,PL,2002,21.15
PolAD,PL,2003,24.87
PolAD,PL,2004,32.53
PolAD,PL,2005,38.81
PolAD,PL,2006,44.58
PolAD,PL,2007,48.6
PolAD,PL,2008,53.13
PolAD,PL,2009,58.97
PolAD,PL,2010,62.32
PolAD,PL,2011,61.94999896898
PolAD,PL,2012,62.3099972714691
PolAD,PL,2013,62.8492
PolAD,PL,2014,66.6
PolAD,PL,2015,67.997
PolAD,PL,2016,73.3007
PolAD,PL,2017,75.9853659493832
Portugal,PRT,2002,19.37
Portugal,PRT,2003,29.67
Portugal,PRT,2004,31.78
Portugal,PRT,2005,34.99
Portugal,PRT,2006,38.01
Portugal,PRT,2007,42.09
Portugal,PRT,2008,44.13
Portugal,PRT,2009,48.27
Portugal,PRT,2010,53.3
Portugal,PRT,2011,55.2499968797194
Portugal,PRT,2012,60.3399974868057
Portugal,PRT,2013,62.0956
Portugal,PRT,2014,64.59
Portugal,PRT,2015,68.6329
Portugal,PRT,2016,70.423567088723
Portugal,PRT,2017,73.7912139515729
Puerto Rico,PR,2002,17.5476475654777
Puerto Rico,PR,2003,19.7070256578252
Puerto Rico,PR,2004,22.1307382347014
Puerto Rico,PR,2005,23.4000504486583
Puerto Rico,PR,2006,25.4424182102582
Puerto Rico,PR,2007,27.86
Puerto Rico,PR,2008,38
Puerto Rico,PR,2009,41.5
Puerto Rico,PR,2010,45.3
Puerto Rico,PR,2011,48
Puerto Rico,PR,2012,68.9999826014151
Puerto Rico,PR,2013,68.999990004
Puerto Rico,PR,2015,63.47
Puerto Rico,PR,2016,68.64
Qatar,QA,2002,10.2261289281118
Qatar,QA,2003,19.242336421002
Qatar,QA,2004,20.701647851169
Qatar,QA,2005,24.733493781051
Qatar,QA,2006,28.9741127135829
Qatar,QA,2007,37
Qatar,QA,2008,44.3
Qatar,QA,2009,53.1
Qatar,QA,2010,69
Qatar,QA,2011,69
Qatar,QA,2012,69.3
Qatar,QA,2013,85.3
Qatar,QA,2014,91.49
Qatar,QA,2015,92.8848264535481
Qatar,QA,2016,94.2911181549896
Romania,RO,2002,6.58
Romania,RO,2003,8.9
Romania,RO,2004,15
Romania,RO,2005,21.5
Romania,RO,2006,24.66
Romania,RO,2007,28.3
Romania,RO,2008,32.42
Romania,RO,2009,36.6
Romania,RO,2010,39.93
Romania,RO,2011,40.0099967810008
Romania,RO,2012,45.8799942529424
Romania,RO,2013,49.7645
Romania,RO,2014,54.08
Romania,RO,2015,55.7632
Romania,RO,2016,59.5039512852713
Romania,RO,2017,63.7472821822484
Russia,RU,2002,4.12827181796644
Russia,RU,2003,8.29886061553908
Russia,RU,2004,12.8593889008473
Russia,RU,2005,15.2266731976522
Russia,RU,2006,18.0232774617216
Russia,RU,2007,24.66
Russia,RU,2008,26.83
Russia,RU,2009,29
Russia,RU,2010,43
Russia,RU,2011,49
Russia,RU,2012,63.8
Russia,RU,2013,67.97
Russia,RU,2014,70.52
Russia,RU,2015,70.1
Russia,RU,2016,73.091434617897
Russia,RU,2017,76.0081385339105
Rwanda,RW,1990,0
Rwanda,RW,1996,0.000883371624548685
Rwanda,RW,1997,0.00162579102862498
Rwanda,RW,1998,0.0117635727735049
Rwanda,RW,1999,0.0671764824271024
Rwanda,RW,2000,0.0628314595107164
Rwanda,RW,2001,0.240672409832383
Rwanda,RW,2002,0.292784718792575
Rwanda,RW,2003,0.356918467272361
Rwanda,RW,2004,0.43085424337006
Rwanda,RW,2005,0.556041164839515
Rwanda,RW,2007,2.11538717825754
Rwanda,RW,2008,4.5
Rwanda,RW,2009,7.7
Rwanda,RW,2010,8
Rwanda,RW,2011,7
Rwanda,RW,2012,8.02385427694765
Rwanda,RW,2013,9
Rwanda,RW,2014,10.6
Rwanda,RW,2015,18
Rwanda,RW,2016,20
Saint Kitts and Nevis,KN,2002,21.152381758186
Saint Kitts and Nevis,KN,2003,22.9697842928439
Saint Kitts and Nevis,KN,2004,24.7376775443732
Saint Kitts and Nevis,KN,2005,34
Saint Kitts and Nevis,KN,2006,38.5
Saint Kitts and Nevis,KN,2007,43.5
Saint Kitts and Nevis,KN,2008,49.2
Saint Kitts and Nevis,KN,2009,55.7
Saint Kitts and Nevis,KN,2010,63
Saint Kitts and Nevis,KN,2011,63.2
Saint Kitts and Nevis,KN,2012,64
Saint Kitts and Nevis,KN,2013,64.6
Saint Kitts and Nevis,KN,2014,68
Saint Kitts and Nevis,KN,2015,75.7
Saint Kitts and Nevis,KN,2016,76.8176749076294
Saint Lucia,LC,2002,14.6418357746777
Saint Lucia,LC,2003,20.9824734633424
Saint Lucia,LC,2004,21.395212362765
Saint Lucia,LC,2005,21.5675829464215
Saint Lucia,LC,2006,24.5
Saint Lucia,LC,2007,27.9
Saint Lucia,LC,2008,30
Saint Lucia,LC,2009,31
Saint Lucia,LC,2010,32.5
Saint Lucia,LC,2011,34
Saint Lucia,LC,2012,34.82
Saint Lucia,LC,2013,36
Saint Lucia,LC,2014,39.7
Saint Lucia,LC,2015,42.530930474403
Saint Lucia,LC,2016,46.7290780591803
Saint Vincent and the Grenadines,VC,2002,5.54959487957379
Saint Vincent and the Grenadines,VC,2003,6.46227416659743
Saint Vincent and the Grenadines,VC,2004,7.37116584201749
Saint Vincent and the Grenadines,VC,2005,9.19827808234299
Saint Vincent and the Grenadines,VC,2006,12
Saint Vincent and the Grenadines,VC,2007,16
Saint Vincent and the Grenadines,VC,2008,21
Saint Vincent and the Grenadines,VC,2009,31
Saint Vincent and the Grenadines,VC,2010,33.7
Saint Vincent and the Grenadines,VC,2011,36.7
Saint Vincent and the Grenadines,VC,2012,40
Saint Vincent and the Grenadines,VC,2013,43.5
Saint Vincent and the Grenadines,VC,2014,47.4
Saint Vincent and the Grenadines,VC,2015,51.77
Saint Vincent and the Grenadines,VC,2016,55.5746194230166
Saint Vincent and the Grenadines,VC,2017,65.56
Samoa,WS,2002,2.24483267578443
Samoa,WS,2003,2.79963044878076
Samoa,WS,2004,3.07552941044897
Samoa,WS,2005,3.35259211246829
Samoa,WS,2006,4.46917387320954
Samoa,WS,2007,4.74998323535329
Samoa,WS,2008,5.03161531623702
Samoa,WS,2009,6
Samoa,WS,2010,7
Samoa,WS,2011,11
Samoa,WS,2012,12.92249
Samoa,WS,2013,15.3
Samoa,WS,2014,21.2
Samoa,WS,2015,25.407009766593
Samoa,WS,2016,29.4117301129981
San Marino,SM,2002,50.8348399446985
San Marino,SM,2003,50.003453038674
San Marino,SM,2004,50.5663430420712
San Marino,SM,2005,50.2595641966736
San Marino,SM,2006,50.2086593635889
San Marino,SM,2007,50.3648221088655
San Marino,SM,2008,54.52
San Marino,SM,2009,54.21
San Marino,SM,2011,49.6
Sao Tome and Principe,ST,2002,7.580665168911
Sao Tome and Principe,ST,2003,10.1618443069961
Sao Tome and Principe,ST,2004,13.3228526892178
Sao Tome and Principe,ST,2005,13.759484215906
Sao Tome and Principe,ST,2006,14.1820197774712
Sao Tome and Principe,ST,2007,14.5904831987414
Sao Tome and Principe,ST,2008,15.48
Sao Tome and Principe,ST,2009,16.41
Sao Tome and Principe,ST,2010,18.75
Sao Tome and Principe,ST,2011,20.1612
Sao Tome and Principe,ST,2012,21.5724
Sao Tome and Principe,ST,2013,23
Sao Tome and Principe,ST,2014,24.41
Sao Tome and Principe,ST,2015,25.82
Sao Tome and Principe,ST,2016,28
Saudi Arabia,SA,2002,6.38470501955932
Saudi Arabia,SA,2003,8.00158289090878
Saudi Arabia,SA,2004,10.2345329969583
Saudi Arabia,SA,2005,12.7050359882849
Saudi Arabia,SA,2006,19.4595543513634
Saudi Arabia,SA,2007,30
Saudi Arabia,SA,2008,36
Saudi Arabia,SA,2009,38
Saudi Arabia,SA,2010,41
Saudi Arabia,SA,2011,47.5
Saudi Arabia,SA,2012,54
Saudi Arabia,SA,2013,60.5
Saudi Arabia,SA,2014,64.713657369019
Saudi Arabia,SA,2015,69.6162358014004
Saudi Arabia,SA,2016,74.88
Saudi Arabia,SA,2017,80.0757586183677
Senegal,SN,2002,1.00645453672323
Senegal,SN,2003,2.10143642986685
Senegal,SN,2004,4.38602398008563
Senegal,SN,2005,4.78668408310535
Senegal,SN,2006,5.61173865217952
Senegal,SN,2007,6.89
Senegal,SN,2008,7.12
Senegal,SN,2009,7.5
Senegal,SN,2010,8
Senegal,SN,2011,9.8
Senegal,SN,2012,10.8
Senegal,SN,2013,13.1
Senegal,SN,2014,17.7
Senegal,SN,2015,21.690264133037
Senegal,SN,2016,25.6647680413953
Serbia,SR,2004,23.5
Serbia,SR,2005,26.3
Serbia,SR,2006,27.2
Serbia,SR,2007,33.15
Serbia,SR,2008,35.6
Serbia,SR,2009,38.1
Serbia,SR,2010,40.9
Serbia,SR,2011,42.2
Serbia,SR,2012,48.1
Serbia,SR,2013,53.450364175
Serbia,SR,2014,62.0750804639377
Serbia,SR,2015,65.3170254003801
Serbia,SR,2016,67.0568413716938
Serbia,SR,2017,70.3308355269141
Seychelles,SC,2002,14.3041708309972
Seychelles,SC,2003,14.5925043169492
Seychelles,SC,2004,24.2721392249906
Seychelles,SC,2005,25.4132681462836
Seychelles,SC,2006,34.95197117065
Seychelles,SC,2007,38.38
Seychelles,SC,2008,40.44
Seychelles,SC,2010,41
Seychelles,SC,2011,43.16400446
Seychelles,SC,2012,47.076
Seychelles,SC,2013,50.4
Seychelles,SC,2014,51.25470199
Seychelles,SC,2015,54.25961786
Seychelles,SC,2016,56.5147081470678
Sierra Leone,SL,2002,0.176198956814076
Sierra Leone,SL,2003,0.190173281668183
Sierra Leone,SL,2004,0.203007680592588
Sierra Leone,SL,2005,0.215391610340129
Sierra Leone,SL,2006,0.227669467190838
Sierra Leone,SL,2007,0.239834698546233
Sierra Leone,SL,2008,0.25
Sierra Leone,SL,2009,0.26
Sierra Leone,SL,2010,0.58
Sierra Leone,SL,2011,0.9
Sierra Leone,SL,2012,2.5
Sierra Leone,SL,2013,4
Sierra Leone,SL,2014,6.057298984
Sierra Leone,SL,2015,6.344421603
Sierra Leone,SL,2016,11.77318438
Singapore,SG,2002,47
Singapore,SG,2003,53.8379432881911
Singapore,SG,2004,62
Singapore,SG,2005,61
Singapore,SG,2006,59
Singapore,SG,2007,69.9
Singapore,SG,2008,69
Singapore,SG,2009,69
Singapore,SG,2010,71
Singapore,SG,2011,71
Singapore,SG,2012,72
Singapore,SG,2013,80.90205685
Singapore,SG,2014,79.0292358633435
Singapore,SG,2015,79.0129570025584
Singapore,SG,2016,84.45
Singapore,SG,2017,84.4495387806342
Slovakia,SK,2002,40.14
Slovakia,SK,2003,43.04
Slovakia,SK,2004,52.89
Slovakia,SK,2005,55.19
Slovakia,SK,2006,56.08
Slovakia,SK,2007,61.8
Slovakia,SK,2008,66.05
Slovakia,SK,2009,70
Slovakia,SK,2010,75.71
Slovakia,SK,2011,74.4399971746757
Slovakia,SK,2012,76.7099901181121
Slovakia,SK,2013,77.8826
Slovakia,SK,2014,79.98
Slovakia,SK,2015,77.6347
Slovakia,SK,2016,80.4759
Slovakia,SK,2017,81.6256675172655
Slovenia,SI,2002,27.8388854180687
Slovenia,SI,2003,31.8547930120441
Slovenia,SI,2004,40.81
Slovenia,SI,2005,46.81
Slovenia,SI,2006,54.01
Slovenia,SI,2007,56.74
Slovenia,SI,2008,58
Slovenia,SI,2009,64
Slovenia,SI,2010,70
Slovenia,SI,2011,67.3399948092396
Slovenia,SI,2012,68.3499745287825
Slovenia,SI,2013,72.6756
Slovenia,SI,2014,71.59
Slovenia,SI,2015,73.0987
Slovenia,SI,2016,75.4985042610791
Slovenia,SI,2017,78.8854263554775
Solomon Islands,SB,1990,0
Solomon Islands,SB,1995,0.0248719096652241
Solomon Islands,SB,1996,0.268683584776388
Solomon Islands,SB,1997,0.391923245751552
Solomon Islands,SB,1998,0.508292796982774
Solomon Islands,SB,1999,0.494541498213469
Solomon Islands,SB,2000,0.481296806114395
Solomon Islands,SB,2001,0.468551963584141
Solomon Islands,SB,2002,0.501919843401009
Solomon Islands,SB,2003,0.555609881855115
Solomon Islands,SB,2004,0.64967267325146
Solomon Islands,SB,2005,0.844307572805697
Solomon Islands,SB,2006,1.64634798857435
Solomon Islands,SB,2007,2
Solomon Islands,SB,2008,3
Solomon Islands,SB,2009,4
Solomon Islands,SB,2010,5
Solomon Islands,SB,2011,6
Solomon Islands,SB,2012,6.9974
Solomon Islands,SB,2013,8
Solomon Islands,SB,2014,9
Solomon Islands,SB,2015,10.000464982561
Solomon Islands,SB,2016,11.000902271205
Somalia,SO,2002,0.115614213354469
Somalia,SO,2003,0.376198002539086
Somalia,SO,2004,1.05345474358422
Somalia,SO,2005,1.07732783912096
Somalia,SO,2006,1.10021636808277
Somalia,SO,2007,1.12223562161375
Somalia,SO,2008,1.14268737216185
Somalia,SO,2009,1.16061054246061
Somalia,SO,2011,1.25
Somalia,SO,2012,1.3767
Somalia,SO,2013,1.5
Somalia,SO,2014,1.63
Somalia,SO,2015,1.76
Somalia,SO,2016,1.88
South Africa,ZA,2002,6.71032243705404
South Africa,ZA,2003,7.00769172611251
South Africa,ZA,2004,8.4251186825406
South Africa,ZA,2005,7.48854252992921
South Africa,ZA,2006,7.60713967477381
South Africa,ZA,2007,8.06537517355504
South Africa,ZA,2008,8.43
South Africa,ZA,2009,10
South Africa,ZA,2010,24
South Africa,ZA,2011,33.97
South Africa,ZA,2012,41
South Africa,ZA,2013,46.5
South Africa,ZA,2014,49
South Africa,ZA,2015,51.919115722747
South Africa,ZA,2016,54
South Asia,,2002,1.45964233572161
South Asia,,2003,1.83127692323876
South Asia,,2004,2.17006372913978
South Asia,,2005,2.53399187803247
South Asia,,2006,2.97157368689829
South Asia,,2007,3.96509886727022
South Asia,,2008,4.40893543840264
South Asia,,2009,5.14946775721559
South Asia,,2010,7.20578379120846
South Asia,,2011,9.39809663550123
South Asia,,2012,11.5208599387926
South Asia,,2013,13.7562134401879
South Asia,,2014,19.0832762245184
South Asia,,2015,23.2035725566791
South Asia,,2016,26.4777357008626
South Korea,KR,2002,59.4
South Korea,KR,2003,65.5
South Korea,KR,2004,72.7
South Korea,KR,2005,73.5
South Korea,KR,2006,78.1
South Korea,KR,2007,78.8
South Korea,KR,2008,81
South Korea,KR,2009,81.6
South Korea,KR,2010,83.7
South Korea,KR,2011,83.7591201534472
South Korea,KR,2012,84.07
South Korea,KR,2013,84.77
South Korea,KR,2014,87.5568264944747
South Korea,KR,2015,89.9
South Korea,KR,2016,92.8430256796075
South Korea,KR,2017,95.097149170151
South Sudan,SS,2013,3.829969245
South Sudan,SS,2014,4.51615373
South Sudan,SS,2015,5.5
South Sudan,SS,2016,6.6797280510287
Spain,ESP,2002,20.39
Spain,ESP,2003,39.93
Spain,ESP,2004,44.01
Spain,ESP,2005,47.88
Spain,ESP,2006,50.37
Spain,ESP,2007,55.11
Spain,ESP,2008,59.6
Spain,ESP,2009,62.4
Spain,ESP,2010,65.8
Spain,ESP,2011,67.0899993926581
Spain,ESP,2012,69.8099999420024
Spain,ESP,2013,71.635
Spain,ESP,2014,76.19
Spain,ESP,2015,78.6896
Spain,ESP,2016,80.5613329432179
Spain,ESP,2017,84.6022457016525
Sri Lanka,LK,2002,1.05042270585318
Sri Lanka,LK,2003,1.45858022842408
Sri Lanka,LK,2004,1.44615998041486
Sri Lanka,LK,2005,1.79204679392588
Sri Lanka,LK,2006,2.53756612897332
Sri Lanka,LK,2007,3.88
Sri Lanka,LK,2008,5.8
Sri Lanka,LK,2009,8.78
Sri Lanka,LK,2010,12
Sri Lanka,LK,2011,15
Sri Lanka,LK,2012,18.2854
Sri Lanka,LK,2013,21.9
Sri Lanka,LK,2014,25.8
Sri Lanka,LK,2015,29.988737549341
Sri Lanka,LK,2016,32.0510027436177
Sub-Saharan Africa,,2002,0.834910860320093
Sub-Saharan Africa,,2003,1.11473780282189
Sub-Saharan Africa,,2004,1.51091907572191
Sub-Saharan Africa,,2005,2.04209910803357
Sub-Saharan Africa,,2006,2.70305903873004
Sub-Saharan Africa,,2007,3.42200151126783
Sub-Saharan Africa,,2008,3.88049341757968
Sub-Saharan Africa,,2009,4.59867606715362
Sub-Saharan Africa,,2010,6.99257850690158
Sub-Saharan Africa,,2011,8.38288624439217
Sub-Saharan Africa,,2012,10.2633605221139
Sub-Saharan Africa,,2013,12.3239868261333
Sub-Saharan Africa,,2014,14.6865236009135
Sub-Saharan Africa,,2015,18.0671317959267
Sub-Saharan Africa,,2016,19.8507023234738
Sudan,SDN,2002,0.439477639075583
Sudan,SDN,2003,0.538471703150458
Sudan,SDN,2004,0.791561615446385
Sudan,SDN,2005,1.29204067798853
Sudan,SDN,2007,8.66
Sudan,SDN,2010,16.7
Sudan,SDN,2011,17.46
Sudan,SDN,2012,21
Sudan,SDN,2013,22.7
Sudan,SDN,2014,24.64
Sudan,SDN,2015,26.61
Sudan,SDN,2016,28
Suriname,SR,2002,4.1615687449541
Suriname,SR,2003,4.71987539528956
Suriname,SR,2004,6.0760478144456
Suriname,SR,2005,6.40308628759062
Suriname,SR,2006,9.49962694173364
Suriname,SR,2007,14.11
Suriname,SR,2008,21.06
Suriname,SR,2009,31.36
Suriname,SR,2010,31.59
Suriname,SR,2011,32
Suriname,SR,2012,34.6812
Suriname,SR,2013,37.4
Suriname,SR,2014,40.08
Suriname,SR,2015,42.763827782511
Suriname,SR,2016,45.4
SwazilAD,SW,2002,1.81620380712642
SwazilAD,SW,2003,2.43707385055863
SwazilAD,SW,2004,3.22868507316111
SwazilAD,SW,2005,3.69696107291824
SwazilAD,SW,2006,3.69653878906882
SwazilAD,SW,2007,4.1
SwazilAD,SW,2008,6.85
SwazilAD,SW,2009,8.94
SwazilAD,SW,2010,11.04
SwazilAD,SW,2011,18.13
SwazilAD,SW,2012,20.7817825772944
SwazilAD,SW,2013,24.7
SwazilAD,SW,2014,26.17500573
SwazilAD,SW,2015,25.64304231
SwazilAD,SW,2016,28.5735227827685
Sweden,SW,2002,70.57
Sweden,SW,2003,79.13
Sweden,SW,2004,83.89
Sweden,SW,2005,84.83
Sweden,SW,2006,87.76
Sweden,SW,2007,82.01
Sweden,SW,2008,90
Sweden,SW,2009,91
Sweden,SW,2010,90
Sweden,SW,2011,92.7699860554046
Sweden,SW,2012,93.1799880065108
Sweden,SW,2013,94.7836
Sweden,SW,2014,92.52
Sweden,SW,2015,90.6102
Sweden,SW,2016,89.6509476102355
Sweden,SW,2017,96.4096452795113
SwitzerlAD,CH,2002,61.4
SwitzerlAD,CH,2003,65.1
SwitzerlAD,CH,2004,67.8
SwitzerlAD,CH,2005,70.1
SwitzerlAD,CH,2006,75.7
SwitzerlAD,CH,2007,77.2
SwitzerlAD,CH,2008,79.2
SwitzerlAD,CH,2009,81.3
SwitzerlAD,CH,2010,83.9
SwitzerlAD,CH,2011,85.1930281804854
SwitzerlAD,CH,2012,85.2
SwitzerlAD,CH,2013,86.34
SwitzerlAD,CH,2014,87.4
SwitzerlAD,CH,2015,87.4790555978675
SwitzerlAD,CH,2016,89.1346877351392
SwitzerlAD,CH,2017,93.7138659101283
Syrian Arab Republic,SY,2002,2.09310101861765
Syrian Arab Republic,SY,2003,3.39797261356623
Syrian Arab Republic,SY,2004,4.32159377785571
Syrian Arab Republic,SY,2005,5.64810604883917
Syrian Arab Republic,SY,2006,7.83255156888787
Syrian Arab Republic,SY,2007,11.5
Syrian Arab Republic,SY,2008,14
Syrian Arab Republic,SY,2009,17.3
Syrian Arab Republic,SY,2010,20.7
Syrian Arab Republic,SY,2011,22.5
Syrian Arab Republic,SY,2012,24.3001
Syrian Arab Republic,SY,2013,26.2
Syrian Arab Republic,SY,2014,28.09
Syrian Arab Republic,SY,2015,29.979797235769
Syrian Arab Republic,SY,2016,31.869627268866
Tajikistan,TJ,2002,0.0554628269910006
Tajikistan,TJ,2003,0.0645837771508553
Tajikistan,TJ,2004,0.0774799071356825
Tajikistan,TJ,2005,0.298690023682825
Tajikistan,TJ,2006,3.77240620666448
Tajikistan,TJ,2007,7.19761951797855
Tajikistan,TJ,2008,8.78
Tajikistan,TJ,2009,10.07
Tajikistan,TJ,2010,11.55
Tajikistan,TJ,2011,13.03
Tajikistan,TJ,2012,14.51
Tajikistan,TJ,2013,16
Tajikistan,TJ,2014,17.49
Tajikistan,TJ,2015,18.980000000495
Tajikistan,TJ,2016,20.470000000055
Tanzania,TZ,2002,0.222484413923909
Tanzania,TZ,2003,0.676962856510303
Tanzania,TZ,2004,0.87757497099259
Tanzania,TZ,2005,1.1
Tanzania,TZ,2006,1.3
Tanzania,TZ,2007,1.6
Tanzania,TZ,2008,1.9
Tanzania,TZ,2009,2.4
Tanzania,TZ,2010,2.9
Tanzania,TZ,2011,3.2
Tanzania,TZ,2012,3.95
Tanzania,TZ,2013,4.4
Tanzania,TZ,2014,7
Tanzania,TZ,2015,10
Tanzania,TZ,2016,13
ThailAD,TH,2002,7.53125033488567
ThailAD,TH,2003,9.29902723805965
ThailAD,TH,2004,10.6773033237281
ThailAD,TH,2005,15.0260043588909
ThailAD,TH,2006,17.1607147169285
ThailAD,TH,2007,20.03
ThailAD,TH,2008,18.2
ThailAD,TH,2009,20.1
ThailAD,TH,2010,22.4
ThailAD,TH,2011,23.669925618731
ThailAD,TH,2012,26.46
ThailAD,TH,2013,28.94
ThailAD,TH,2014,34.89
ThailAD,TH,2015,39.3161267365004
ThailAD,TH,2016,47.5049656215909
ThailAD,TH,2017,52.8919293439676
Timor,TLS,2002,0
Timor,TLS,2005,0.0990317678179026
Timor,TLS,2006,0.5
Timor,TLS,2007,1
Timor,TLS,2008,1.5
Timor,TLS,2009,2
Timor,TLS,2010,3
Timor,TLS,2011,4
Timor,TLS,2012,7
Timor,TLS,2013,11
Timor,TLS,2014,17.5
Timor,TLS,2015,23
Timor,TLS,2016,25.24624959
Togo,TG,2002,1
Togo,TG,2003,1.2
Togo,TG,2004,1.5
Togo,TG,2005,1.8
Togo,TG,2006,2
Togo,TG,2007,2.2
Togo,TG,2008,2.4
Togo,TG,2009,2.6
Togo,TG,2010,3
Togo,TG,2011,3.5
Togo,TG,2012,4
Togo,TG,2013,4.5
Togo,TG,2014,5.7
Togo,TG,2015,7.12
Togo,TG,2016,11.31
Togo,TG,2017,12.3602249692905
ToNG,TON,2002,2.90729731626382
ToNG,TON,2003,2.98581736750435
ToNG,TON,2004,3.95237389457043
ToNG,TON,2005,4.90778276190383
ToNG,TON,2006,5.85394409483389
ToNG,TON,2007,7.17986532901248
ToNG,TON,2008,8.11076994380395
ToNG,TON,2009,10
ToNG,TON,2010,16
ToNG,TON,2011,25
ToNG,TON,2012,30
ToNG,TON,2013,32.75396061
ToNG,TON,2014,35.95444145
ToNG,TON,2015,38.65127243
ToNG,TON,2016,39.95
Trinidad and TobAO,TT,2002,21.9986754804449
Trinidad and TobAO,TT,2003,25.9717641091609
Trinidad and TobAO,TT,2004,27.0242700782714
Trinidad and TobAO,TT,2005,28.9767124326784
Trinidad and TobAO,TT,2006,30.0037485791676
Trinidad and TobAO,TT,2007,32.3
Trinidad and TobAO,TT,2008,34.8
Trinidad and TobAO,TT,2009,44.3
Trinidad and TobAO,TT,2010,48.5
Trinidad and TobAO,TT,2011,55.2
Trinidad and TobAO,TT,2012,59.5162
Trinidad and TobAO,TT,2013,63.8
Trinidad and TobAO,TT,2014,65.1
Trinidad and TobAO,TT,2015,69.198470608693
Trinidad and TobAO,TT,2016,73.296941218486
Tunisia,TN,2002,5.25288729548421
Tunisia,TN,2003,6.49084579532797
Tunisia,TN,2004,8.52881775162591
Tunisia,TN,2005,9.65508654217982
Tunisia,TN,2006,12.9864086534204
Tunisia,TN,2007,17.1
Tunisia,TN,2008,27.53
Tunisia,TN,2009,34.07
Tunisia,TN,2010,36.8
Tunisia,TN,2011,39.1
Tunisia,TN,2012,41.4416
Tunisia,TN,2013,43.8
Tunisia,TN,2014,46.16
Tunisia,TN,2015,46.5
Tunisia,TN,2016,49.6
Tunisia,TN,2017,55.5
Turkey,TR,2002,11.38
Turkey,TR,2003,12.33
Turkey,TR,2004,14.58
Turkey,TR,2005,15.46
Turkey,TR,2006,18.24
Turkey,TR,2007,28.63
Turkey,TR,2008,34.37
Turkey,TR,2009,36.4
Turkey,TR,2010,39.82
Turkey,TR,2011,43.065710430925
Turkey,TR,2012,45.13
Turkey,TR,2013,46.25
Turkey,TR,2014,51.04
Turkey,TR,2015,53.7449791423583
Turkey,TR,2016,58.3477340145685
Turkey,TR,2017,64.6846176835371
Turkmenistan,TKM,2002,0.302132016152841
Turkmenistan,TKM,2003,0.425182631884743
Turkmenistan,TKM,2004,0.754053982724623
Turkmenistan,TKM,2005,0.997256558542959
Turkmenistan,TKM,2006,1.3195731180963
Turkmenistan,TKM,2007,1.40636068812023
Turkmenistan,TKM,2008,1.75
Turkmenistan,TKM,2009,1.95
Turkmenistan,TKM,2010,3
Turkmenistan,TKM,2011,5
Turkmenistan,TKM,2012,7.1958
Turkmenistan,TKM,2013,9.6
Turkmenistan,TKM,2014,12.2
Turkmenistan,TKM,2015,14.996774820447
Turkmenistan,TKM,2016,17.990324461341
Turks and Caicos Islands,TC,1990,0
Tuvalu,TUV,2007,10
Tuvalu,TUV,2008,15
Tuvalu,TUV,2009,20
Tuvalu,TUV,2010,25
Tuvalu,TUV,2011,30
Tuvalu,TUV,2012,35
Tuvalu,TUV,2013,37
Tuvalu,TUV,2014,39.2
Tuvalu,TUV,2015,42.7
Tuvalu,TUV,2016,46.0091515110578
Uganda,UG,2002,0.384093504951945
Uganda,UG,2003,0.464849840113968
Uganda,UG,2004,0.719970679914031
Uganda,UG,2005,1.7422055032439
Uganda,UG,2006,2.52936303826279
Uganda,UG,2007,3.67196535074744
Uganda,UG,2008,7.9
Uganda,UG,2009,9.78
Uganda,UG,2010,12.5
Uganda,UG,2011,13.01354333
Uganda,UG,2012,14.1
Uganda,UG,2013,15.5
Uganda,UG,2014,16.9
Uganda,UG,2015,17.83485947
Uganda,UG,2016,21.87617046
Ukraine,UA,2002,1.87388511643427
Ukraine,UA,2003,3.14812758815439
Ukraine,UA,2004,3.4894778812677
Ukraine,UA,2005,3.749764414659
Ukraine,UA,2006,4.50612456357379
Ukraine,UA,2007,6.55
Ukraine,UA,2008,11
Ukraine,UA,2009,17.9
Ukraine,UA,2010,23.3
Ukraine,UA,2011,28.7082628400713
Ukraine,UA,2012,35.27
Ukraine,UA,2013,40.954128997
Ukraine,UA,2014,46.2359754571651
Ukraine,UA,2015,48.8846436813218
Ukraine,UA,2016,53
United Arab Emirates,AE,2002,28.3164853110439
United Arab Emirates,AE,2003,29.4779534120864
United Arab Emirates,AE,2004,30.1312961695367
United Arab Emirates,AE,2005,40
United Arab Emirates,AE,2006,52
United Arab Emirates,AE,2007,61
United Arab Emirates,AE,2008,63
United Arab Emirates,AE,2009,64
United Arab Emirates,AE,2010,68
United Arab Emirates,AE,2011,78
United Arab Emirates,AE,2012,84.9999915049492
United Arab Emirates,AE,2013,88
United Arab Emirates,AE,2014,90.4
United Arab Emirates,AE,2015,90.5
United Arab Emirates,AE,2016,90.6000073180483
United Arab Emirates,AE,2017,94.8199225383446
United KingDO,GB,2002,56.48
United KingDO,GB,2003,64.82
United KingDO,GB,2004,65.61
United KingDO,GB,2005,70
United KingDO,GB,2006,68.82
United KingDO,GB,2007,75.09
United KingDO,GB,2008,78.39
United KingDO,GB,2009,83.56
United KingDO,GB,2010,85
United KingDO,GB,2011,85.3799985496322
United KingDO,GB,2012,87.4799984242111
United KingDO,GB,2013,89.8441
United KingDO,GB,2014,91.61
United KingDO,GB,2015,92.0003
United KingDO,GB,2016,94.7758006318882
United States,US,2002,58.7854038836952
United States,US,2003,61.6971171244207
United States,US,2004,64.7582564759896
United States,US,2005,67.968052915002
United States,US,2006,68.9311932699721
United States,US,2007,75
United States,US,2008,74
United States,US,2009,71
United States,US,2010,71.69
United States,US,2011,69.7294607619268
United States,US,2012,74.7
United States,US,2013,71.4
United States,US,2014,73
United States,US,2015,74.5542024462761
United States,US,2016,76.176736982841
United States Virgin Islands,VI,2002,27.4944323774436
United States Virgin Islands,VI,2003,27.4290729887632
United States Virgin Islands,VI,2004,27.3770087880198
United States Virgin Islands,VI,2005,27.3443196733265
United States Virgin Islands,VI,2006,27.3326105376325
United States Virgin Islands,VI,2007,27.3393358364014
United States Virgin Islands,VI,2008,27.3617774210613
United States Virgin Islands,VI,2009,27.3965096846662
United States Virgin Islands,VI,2010,31.22
United States Virgin Islands,VI,2011,35.6
United States Virgin Islands,VI,2012,40.5479
United States Virgin Islands,VI,2013,45.3
United States Virgin Islands,VI,2014,50.07
United States Virgin Islands,VI,2015,54.839137296
United States Virgin Islands,VI,2016,59.60831579895
Upper middle income,,2002,5.87220371668669
Upper middle income,,2003,7.78252903784233
Upper middle income,,2004,9.76184562290542
Upper middle income,,2005,11.3698404024223
Upper middle income,,2006,13.8573268292548
Upper middle income,,2007,18.4986059436412
Upper middle income,,2008,23.2501056299705
Upper middle income,,2009,28.2197578186945
Upper middle income,,2010,33.4745079185746
Upper middle income,,2011,37.7184641228504
Upper middle income,,2012,42.3664633977108
Upper middle income,,2013,45.7345338552936
Upper middle income,,2014,48.5633969501183
Upper middle income,,2015,51.9725651389934
Upper middle income,,2016,55.2661929975714
Upper middle income,,2017,57.9339292566533
Uruguay,UY,2002,11.4194701966853
Uruguay,UY,2003,15.9371367159756
Uruguay,UY,2004,17.0630983403661
Uruguay,UY,2005,20.0881895579305
Uruguay,UY,2006,29.4
Uruguay,UY,2007,34
Uruguay,UY,2008,39.3
Uruguay,UY,2009,41.8
Uruguay,UY,2010,46.4
Uruguay,UY,2011,51.4046610563616
Uruguay,UY,2012,54.453768680746
Uruguay,UY,2013,57.69
Uruguay,UY,2014,61.46
Uruguay,UY,2015,64.6
Uruguay,UY,2016,66.4
Uzbekistan,UZ,2002,1.08193974248733
Uzbekistan,UZ,2003,1.91259517784997
Uzbekistan,UZ,2004,2.59372542084924
Uzbekistan,UZ,2005,3.34350988825952
Uzbekistan,UZ,2006,6.38832196706805
Uzbekistan,UZ,2007,7.49060468138629
Uzbekistan,UZ,2008,9.0801145234501
Uzbekistan,UZ,2009,11.9
Uzbekistan,UZ,2010,15.9
Uzbekistan,UZ,2011,18.6
Uzbekistan,UZ,2012,23.6
Uzbekistan,UZ,2013,26.8
Uzbekistan,UZ,2014,35.5
Uzbekistan,UZ,2015,42.8
Uzbekistan,UZ,2016,46.7912869407806
Vanuatu,VU,2002,3.51003871071264
Vanuatu,VU,2003,3.90329584542948
Vanuatu,VU,2004,4.74660261917533
Vanuatu,VU,2005,5.08233380768449
Vanuatu,VU,2006,5.85058505850585
Vanuatu,VU,2007,6.8
Vanuatu,VU,2008,7.26911992337492
Vanuatu,VU,2009,7.5
Vanuatu,VU,2010,8
Vanuatu,VU,2011,9.2
Vanuatu,VU,2012,10.598
Vanuatu,VU,2013,11.3
Vanuatu,VU,2014,18.8
Vanuatu,VU,2015,22.351404582536
Vanuatu,VU,2016,24
Venezuela,VE,2002,4.91044632720325
Venezuela,VE,2003,7.49996346522407
Venezuela,VE,2004,8.40446959241215
Venezuela,VE,2005,12.5529979098299
Venezuela,VE,2006,15.2247114771787
Venezuela,VE,2007,20.83
Venezuela,VE,2008,25.88
Venezuela,VE,2009,32.7
Venezuela,VE,2010,37.37
Venezuela,VE,2011,40.22
Venezuela,VE,2012,49.0500830729861
Venezuela,VE,2013,54.9
Venezuela,VE,2014,57
Venezuela,VE,2015,61.869248094278
Venezuela,VE,2016,60
VietNA,VN,2002,1.85499923592581
Djibouti,DJ,2002,0.48697170451894
VietNA,VN,2004,7.64240852842363
VietNA,VN,2005,12.7399292907031
VietNA,VN,2006,17.2545617186662
VietNA,VN,2007,20.7554447679753
VietNA,VN,2008,23.92
VietNA,VN,2009,26.55
VietNA,VN,2010,30.65
VietNA,VN,2011,35.07
VietNA,VN,2012,36.8
VietNA,VN,2013,38.5
VietNA,VN,2014,41
VietNA,VN,2015,43.5
VietNA,VN,2016,46.5
World,OWID_WRL,2002,10.5489331933006
World,OWID_WRL,2003,12.2347632119575
World,OWID_WRL,2004,14.1273630393743
World,OWID_WRL,2005,15.7291032914448
World,OWID_WRL,2006,17.492526324623
World,OWID_WRL,2007,20.4254798468363
World,OWID_WRL,2008,22.9505607103812
World,OWID_WRL,2009,25.3563448209692
World,OWID_WRL,2010,28.7336041746693
World,OWID_WRL,2011,31.1245061343792
World,OWID_WRL,2012,34.1934316686308
World,OWID_WRL,2013,36.7246385665243
World,OWID_WRL,2014,39.7719529967186
World,OWID_WRL,2015,43.0066998196931
World,OWID_WRL,2016,45.7936844622977
Yemen,YE,2002,0.518796032123435
Yemen,YE,2003,0.604734100431821
Yemen,YE,2004,0.881222988679516
Yemen,YE,2005,1.04859793417826
Yemen,YE,2006,1.24782404904485
Yemen,YE,2007,5.01
Yemen,YE,2008,6.89
Yemen,YE,2009,9.96
Yemen,YE,2010,12.35
Yemen,YE,2011,14.905
Yemen,YE,2012,17.4465
Yemen,YE,2013,20
Yemen,YE,2014,22.55
Yemen,YE,2015,24.08540947
Yemen,YE,2016,24.5792083636211
Zambia,ZM,2002,0.477750906947484
Zambia,ZM,2003,0.980483039426114
Zambia,ZM,2004,2.01354953218533
Zambia,ZM,2005,2.85175226129009
Zambia,ZM,2006,4.15991339393107
Zambia,ZM,2007,4.87
Zambia,ZM,2008,5.55
Zambia,ZM,2009,6.31
Zambia,ZM,2010,10
Zambia,ZM,2011,11.5
Zambia,ZM,2012,13.4682
Zambia,ZM,2013,15.4
Zambia,ZM,2014,19
Zambia,ZM,2015,21
Zambia,ZM,2016,25.5065788475702
Zimbabwe,ZW,2002,1.1
Zimbabwe,ZW,2003,1.8
Zimbabwe,ZW,2004,2.1
Zimbabwe,ZW,2005,2.4
Zimbabwe,ZW,2006,2.4
Zimbabwe,ZW,2007,3
Zimbabwe,ZW,2008,3.5
Zimbabwe,ZW,2009,4
Zimbabwe,ZW,2010,6.4
Zimbabwe,ZW,2011,8.4
Zimbabwe,ZW,2012,12
Zimbabwe,ZW,2013,15.5
Zimbabwe,ZW,2014,16.3647399572904
Zimbabwe,ZW,2015,22.7428181020497
Zimbabwe,ZW,2016,23.11998904
